Catalyst,x,y,z,ddG (% ee)
1_1_1,5.100124653,-27.74248913,-17.92239306,1.22628932
1_1_2,5.153813304,-27.57126568,-17.95050749,0.719001932
1_1_5,5.152788419,-27.59875852,-17.95553496,0
1_1_6,5.165622247,-27.89237994,-18.10020122,0
1_10_1,33.3137905,-4.891047594,29.25291214,0
1_10_2,33.30071767,-4.677671467,29.13255502,0
1_10_3,33.33144739,-4.926289911,29.32097884,0
1_10_4,33.27123467,-5.008671414,29.22911793,0
1_10_5,33.34235892,-4.988783746,29.17439462,0
1_10_6,33.45627926,-4.750305768,29.30353187,0
1_11_1,24.9137387,-0.494435666,-8.842800749,0.631876633
1_11_2,24.81149847,-0.533695599,-8.674475796,0
1_11_3,25.25753985,-0.284093084,-8.233175613,0
1_11_4,24.9917713,-0.411943486,-8.433244475,0
1_11_5,24.93392066,-0.487314266,-8.632724154,0
1_11_6,25.36725622,-0.391404192,-8.486569309,0
1_2_1,12.03903311,-10.46777673,-6.094130573,0.216792037
1_2_2,11.8591908,-10.60469237,-6.0493617,0.111677406
1_2_4,11.98831874,-10.45358793,-6.005263754,0
1_2_5,11.83933273,-10.71069676,-6.192516636,0
1_2_6,12.00593111,-10.90431943,-6.651220544,0
1_3_1,23.58226426,-7.780792445,-30.07453226,0.301286063
1_3_2,23.41181969,-7.823739457,-30.04868683,0.263687333
1_3_3,23.64422028,-7.792065941,-30.10926664,0
1_3_4,23.53090586,-7.777752295,-30.03746596,0.222921183
1_3_5,23.58751542,-7.560590292,-29.99901267,0
1_3_6,23.44942064,-8.3891702,-30.35698572,0
1_4_1,8.359618863,-15.40352296,-0.966089454,0
1_4_2,8.55684133,-14.9933752,-1.489367428,0
1_4_3,8.246312518,-15.64201931,-0.663647061,0
1_4_4,8.432470073,-15.22233624,-1.122204914,0.50183334
1_4_5,8.497570212,-15.14233285,-1.443921177,0
1_4_6,8.149261948,-15.98606736,-0.822552681,0
1_5_1,13.09732551,-19.82229275,-21.55356826,0
1_5_2,12.94804789,-19.76825283,-21.46252068,0
1_5_3,13.15879449,-19.90793939,-21.60122088,0
1_5_4,13.05801346,-19.74246551,-21.50810605,0
1_5_5,12.94496808,-19.91464094,-21.50964858,0
1_5_6,13.04754273,-20.27871547,-21.67189159,0
1_6_1,4.944522849,-25.11082805,-5.624116699,0.251273192
1_6_2,4.977752812,-24.88929319,-5.771826719,0
1_6_3,4.93600982,-25.25320867,-5.568128072,0
1_6_4,4.952686413,-25.00214244,-5.636056249,0
1_6_5,4.966457136,-25.02170137,-5.817319699,0
1_6_6,4.959130546,-25.38216347,-5.902079783,0
1_7_1,5.698872618,-20.43360884,-3.569387721,0.02013929
1_7_2,5.788383541,-20.14771892,-3.787301141,0.482219793
1_7_3,5.652003962,-20.6299113,-3.465630359,0
1_7_4,5.730873945,-20.28958334,-3.609331572,0.377082881
1_7_5,5.757580466,-20.32211932,-3.815092995,0
1_7_6,5.677557915,-20.82967453,-3.806288303,0
1_8_1,6.601565786,-19.28890951,-0.588646352,0.527439994
1_8_2,6.664826653,-19.03911259,-0.822630697,0
1_8_3,6.560489823,-19.4625134,-0.482302797,0.387581321
1_8_4,6.635018062,-19.14911232,-0.645787851,0
1_8_5,6.612034747,-19.22274659,-0.81943524,0
1_8_6,6.501361197,-19.73353027,-0.73453962,0
1_9_1,6.756095521,-23.11475844,2.338666563,0
1_9_2,6.719032139,-22.96666948,2.128578869,0
1_9_3,6.761086736,-23.24882954,2.405876246,0
1_9_4,6.753847251,-22.99933644,2.307548672,0
1_9_5,6.692300922,-23.14337147,2.086150072,0
1_9_6,6.681488055,-23.60826691,2.030473666,0
10_1_1,39.14944777,7.31012476,-88.27206983,1.041413101
10_1_2,41.0072841,-0.97483059,-87.97374707,0.638111952
10_1_4,39.58506034,2.069584603,-88.51076144,0
10_1_5,39.46702487,5.165779252,-88.34539516,0
10_1_6,59.31857276,-5.318092619,-76.8815304,0
10_10_1,93.07021221,28.79568223,-34.31311205,0
10_10_2,75.70002056,56.87568035,-38.28580294,0
10_10_3,71.65677385,58.94067433,-42.80956024,0
10_10_4,62.68753082,58.9733279,-55.42052374,0
10_10_5,58.94099149,55.91909719,-62.63095708,0
10_10_6,89.24880158,48.49709413,-6.596513422,0
10_11_1,83.59654914,9.582887533,-45.94208388,0.493396232
10_11_2,82.49040785,23.61170682,-41.52816433,0
10_11_3,84.4988684,16.72928098,-41.45789463,0
10_11_4,81.1844023,30.90080373,-38.38607902,0
10_11_5,82.29214059,8.252415268,-48.75369562,0
10_11_6,78.97845493,5.13215486,-54.78451194,0
10_2_1,65.44054229,33.6778171,-36.05913436,0.246322867
10_2_2,67.6444576,33.49636474,-31.69950296,0.593605431
10_2_4,66.21894157,33.98511343,-34.15231699,0
10_2_5,56.55476405,31.2542292,-50.86183907,0
10_2_6,70.32637713,28.76190952,-31.43892459,0
10_3_1,84.29417751,38.55540221,-38.96456031,0.098544358
10_3_2,80.00447721,-7.145110368,-63.19262335,0.071158472
10_3_3,61.24945642,3.576474106,-81.65038847,0
10_3_4,60.06765019,1.412117728,-82.58467198,0.061652209
10_3_5,76.89594,1.600327287,-67.14853088,0
10_3_6,91.68747062,8.532671237,-43.00937416,0
10_4_1,56.93968058,21.0457976,-59.93214296,0
10_4_2,72.63346641,26.04899314,-34.42212454,0
10_4_3,72.96297081,28.14418968,-31.93395376,0
10_4_4,60.92337063,14.87624259,-58.16178067,0
10_4_5,64.92189655,20.83195629,-50.86200938,0
10_4_6,62.35886445,13.00040745,-57.17281293,0
10_5_1,105.568098,13.825294,-20.28641424,0
10_5_2,62.15068062,27.86876803,-85.04757575,0
10_5_3,99.05442169,-3.693540139,-46.2699917,0
10_5_4,106.1895784,13.73758265,-16.07240068,0
10_5_5,44.42847665,24.37730538,-96.40893736,0
10_5_6,106.3144362,12.98100641,-16.45971459,0
10_6_1,59.68022646,37.38965507,-52.77927858,0
10_6_2,57.55814342,33.64730325,-57.83793516,0
10_6_3,61.48092115,37.67531603,-50.39740317,0
10_6_4,60.05674348,36.39311917,-53.12362097,0
10_6_5,57.96532521,33.01396003,-57.88762552,0
10_6_6,58.49279545,36.35507098,-55.13203908,0
10_7_1,59.28106985,29.41738486,-50.16472228,0.065216063
10_7_2,59.09679662,28.42785071,-50.99898819,0
10_7_3,60.30380049,30.03728028,-48.49649787,0
10_7_4,61.49581496,31.43569851,-45.7406946,0
10_7_5,59.35706554,29.04888288,-50.31653771,0
10_7_6,59.36272809,27.37113326,-51.54676824,0
10_8_1,67.19279635,24.86050108,-48.14766229,0
10_8_2,68.91429768,23.67661683,-46.1496522,0
10_8_3,56.58295596,18.05926945,-63.43981829,0
10_8_4,55.0771419,20.13461877,-63.93589297,0
10_8_5,68.35971149,23.59646751,-47.0904538,0
10_8_6,57.01642975,16.34838399,-63.57535265,0
10_9_1,51.737193,-21.80391034,-106.5584544,0
10_9_2,110.543264,35.57831045,-22.99852794,0
10_9_3,83.67806528,-43.56452645,-75.1094962,0
10_9_4,78.60935469,-34.84037921,-84.47606395,0
10_9_5,40.07971163,-8.020346752,-113.0681729,0
10_9_6,68.43079405,-30.50197233,-94.54973324,0
11_1_1,-12.03601617,-20.04957885,-27.73019041,1.559882119
11_1_2,-11.89484328,-19.947321,-27.69006718,1.105211867
11_1_4,-12.0093719,-19.99640899,-27.68792106,1.640249758
11_1_5,-11.8768879,-19.96474296,-27.70087185,0
11_1_6,-11.92754548,-20.21828459,-27.88855034,0
11_10_1,10.78303704,8.673380858,34.61252202,0
11_10_2,10.66969471,8.562667507,34.56945323,0
11_10_3,10.81541629,8.687798989,34.66922821,0
11_10_4,10.71742211,8.638674798,34.58350787,0.50183334
11_10_5,10.63010012,8.473568108,34.68940438,0
11_10_6,10.64731092,8.391638625,34.92397347,0
11_11_1,7.627622436,11.79886001,-14.67309396,0.554981373
11_11_2,7.34376371,11.52577479,-14.82187277,0.220468126
11_11_3,7.645997263,11.84245995,-14.70347648,0
11_11_4,7.365301673,11.58325183,-14.8602856,0
11_11_5,7.714100887,11.82097493,-14.52242654,0
11_11_6,8.224689478,12.26752476,-14.42249078,0
11_2_1,-4.541159129,-0.458442903,4.170646542,0.338204718
11_2_2,-4.560132267,-0.546041809,3.923387387,0.574151715
11_2_4,-4.515305485,-0.480984118,4.081782227,0.534634993
11_2_5,-4.630763427,-0.555065569,3.974583717,0
11_2_6,-4.800569758,-0.498889888,4.332419664,0
11_3_1,3.664542543,-0.241883174,-40.88464794,0.117655841
11_3_2,3.566751234,-0.446784279,-40.83711443,0.110482409
11_3_3,3.729423337,-0.145097303,-40.93162466,0
11_3_4,3.615266248,-0.308179084,-40.84735068,0.071158472
11_3_5,3.502740928,-0.572726763,-40.93247024,0
11_3_6,3.947726835,0.053141706,-40.98684874,0
11_4_1,-5.907582296,-4.035938145,4.903483382,0
11_4_2,-5.830997027,-4.013272208,4.666504715,0
11_4_3,-5.947774274,-4.062394165,5.000560162,0
11_4_4,-5.854049307,-4.012304833,4.821005771,0
11_4_5,-5.915054982,-4.05708306,4.719898924,0
11_4_6,-6.124296405,-4.19859551,5.052611628,0
11_5_1,-6.347617395,-10.35664426,-30.14198909,0
11_5_2,-6.407129089,-10.526942,-29.9766799,0
11_5_3,-6.422573384,-10.58170654,-30.22050445,0
11_5_4,-6.461694308,-10.57923276,-30.01759313,0
11_5_5,-6.391526766,-10.55740756,-30.09049023,0
11_5_6,-6.555065161,-11.08893706,-30.30720425,0
11_6_1,-13.61714417,-20.65020754,-3.886155565,0.297500521
11_6_2,-13.49353751,-20.56658397,-4.069678574,0.611828963
11_6_3,-13.67970039,-20.72456036,-3.832544111,0
11_6_4,-13.56755834,-20.58522574,-3.888985729,0
11_6_5,-13.5435541,-20.65728424,-4.140715161,0
11_6_6,-13.68501311,-20.93455484,-4.31529984,0
11_7_1,-10.74856622,-12.18239468,0.176668263,0.482219793
11_7_2,-10.61437684,-12.07089657,0.000397427,0
11_7_3,-10.83387269,-12.26557711,0.25996546,0
11_7_4,-10.67555036,-12.11378274,0.133546064,1.070246274
11_7_5,-10.71251154,-12.1634835,0.004951173,0
11_7_6,-10.97568014,-12.45538276,0.103239715,0
11_8_1,-8.065715948,-7.072009589,3.342428576,0
11_8_2,-7.969021291,-7.02584285,3.135124695,0
11_8_3,-8.145176098,-7.128514748,3.450381591,0
11_8_4,-8.003120675,-7.032708731,3.278161899,0
11_8_5,-8.071419715,-7.093823126,3.169543153,0
11_8_6,-8.304323566,-7.278938675,3.345799548,0
11_9_1,-20.1801591,-35.92793294,-6.012548702,0
11_9_2,-20.05579054,-35.95364256,-6.113589702,0
11_9_3,-20.18197425,-36.00581113,-5.925085093,0
11_9_4,-20.13770856,-35.91200104,-5.927909946,0
11_9_5,-20.09362979,-35.99791372,-6.277726418,0
11_9_6,-20.10923677,-36.22420618,-6.493758512,0
12_1_1,-63.95296362,-38.08872414,-33.99348044,1.541190033
12_1_2,-63.8084899,-37.92315093,-34.30283539,1.105211867
12_1_4,-63.88763414,-38.07585897,-34.06782281,0
12_1_5,-63.92650852,-38.17438646,-33.7821858,0
12_1_6,-64.46540712,-38.92182302,-32.09599418,0
12_10_1,-24.05819493,2.875784295,61.28125012,0
12_10_2,-24.1143616,2.952511631,61.18578565,0
12_10_3,-23.97929239,2.92743496,61.32786491,0
12_10_4,-24.10970632,2.934177917,61.22433172,0.193602755
12_10_5,-24.39126701,2.581941197,61.12683454,0
12_10_6,-24.33864754,2.589002209,61.28373556,0
12_11_1,-52.52356768,-31.57272003,16.15149839,0.90615519
12_11_2,-50.26813497,-30.2265127,23.79593234,0.392852583
12_11_3,-51.43171034,-30.73408801,20.55805497,0
12_11_4,-52.71666964,-31.90492124,14.79984567,0
12_11_5,-51.89861679,-30.99559377,18.85509947,0
12_11_6,-52.15489726,-31.17970644,18.37159514,0
12_2_1,-35.87962202,-11.51642429,35.50551884,0.252512119
12_2_2,-35.88666592,-11.55265112,35.39188926,0.575637884
12_2_4,-35.97130275,-11.56790218,35.34077512,0.468362571
12_2_5,-35.8604228,-11.52061861,35.44927473,0
12_2_6,-35.80678972,-11.49871768,35.78099465,0
12_3_1,-46.26528972,-13.56823004,58.89662697,0.015400018
12_3_2,-38.62444845,-1.817061403,64.92291783,0.062840033
12_3_3,-58.20863068,-24.62329691,-46.42188138,0
12_3_4,-59.37109168,-29.35260952,-42.01441317,0.009476602
12_3_5,-46.92633184,-14.61896588,58.13713491,0
12_3_6,-65.08350926,-35.93772556,-24.53915703,0
12_4_1,-36.77372255,-15.02125671,31.28358192,0
12_4_2,-36.89038938,-15.14599923,30.95468699,0
12_4_3,-36.75241823,-15.01561122,31.35748337,0
12_4_4,-36.8449624,-15.03443911,31.12435809,0
12_4_5,-36.86926172,-15.16065966,31.02698498,0
12_4_6,-36.88652756,-15.22544167,31.2173939,0
12_5_1,-64.36272841,-37.34673272,-21.77215983,0
12_5_2,-47.90708439,-17.53401208,55.90292155,0
12_5_3,-66.11080935,-39.50934132,5.168465089,0
12_5_4,-60.42590026,-34.28553742,32.67543701,0
12_5_5,-64.35487809,-37.12558524,-22.32052169,0
12_5_6,-52.25801489,-23.62040527,50.15137183,0
12_6_1,-48.90258972,-35.02682045,19.12871985,0.317760997
12_6_2,-49.70064345,-35.4544409,15.97698657,0.702355856
12_6_3,-48.66015232,-34.77937505,20.23022237,0
12_6_4,-49.40836482,-35.35568469,17.10395734,0.141632546
12_6_5,-49.23301556,-35.29015792,17.75702117,0
12_6_6,-49.13915135,-35.28148072,18.42084091,0
12_7_1,-43.76046092,-27.82936563,23.01599713,0.446440194
12_7_2,-43.6026013,-27.70356623,23.29315522,1.241324625
12_7_3,-43.7951526,-27.87375029,23.0089769,0
12_7_4,-43.75592807,-27.8347407,22.93234521,1.032018945
12_7_5,-43.48512835,-27.6064444,23.72254755,0
12_7_6,-43.65424481,-27.84089374,23.44630671,0
12_8_1,-39.48501119,-19.57024213,28.17814677,0
12_8_2,-39.49271939,-19.60330335,27.96362532,0
12_8_3,-39.61035216,-19.63996363,28.05593524,0
12_8_4,-39.56832854,-19.58153465,27.97021552,0
12_8_5,-39.50269837,-19.66850367,27.99402116,0
12_8_6,-39.73696771,-19.80946509,27.78940953,0
12_9_1,-64.08030466,-56.81411489,8.061148661,0
12_9_2,-64.01339229,-56.53782677,9.703713732,0
12_9_3,-63.89403274,-56.54727516,10.89214315,0
12_9_4,-64.04510147,-56.77725641,8.31353806,0
12_9_5,-63.93434836,-56.77882495,9.24053847,0
12_9_6,-63.7467146,-57.04520705,9.554769345,0
13_1_1,-81.38342475,9.067022312,0.060075744,0
13_1_2,-81.25617759,9.30528205,2.734855108,0.649102245
13_1_4,-77.66994199,2.132681608,-26.40976243,0
13_1_5,-77.73371959,2.109041106,-26.16162827,0
13_1_6,-80.82438405,6.98895479,-11.59702358,0
13_10_1,-48.3463846,27.84015425,53.93240306,0.187525382
13_10_2,-51.21873959,26.11772714,52.20498337,0
13_10_3,-48.50016303,27.7315961,53.89660839,0
13_10_4,-48.68710019,27.57547822,53.74597739,0.092582964
13_10_5,-50.68913937,26.40312454,52.58665445,0
13_10_6,-49.10083749,27.34448967,53.64683353,0
13_11_1,-69.99882825,6.022241181,-3.437990248,0
13_11_2,-68.20623155,7.26558769,14.87357741,0
13_11_3,-70.02062875,5.810388998,-4.032416598,0
13_11_4,-69.98802813,5.294826109,-5.138536427,0
13_11_5,-68.67712296,7.265542073,12.60973239,0
13_11_6,-68.69731555,7.199199491,13.24442539,0
13_2_1,-56.69171734,15.81183319,17.37591743,0.147644053
13_2_2,-57.06454863,15.5724776,16.20579075,0.259957222
13_2_4,-57.09495896,15.5906317,16.15676601,0
13_2_5,-57.2020668,15.52799887,15.84049618,0
13_2_6,-57.41516417,15.53173725,15.63340693,0
13_3_1,-71.63989291,19.07312721,-24.79401967,0.02843466
13_3_2,-74.59328023,20.13163784,10.04818489,0.068781096
13_3_3,-71.96136071,11.02123142,-29.61520394,0
13_3_4,-75.80908947,18.12245074,-4.121115555,0.02843466
13_3_5,-71.72735109,10.63310151,-30.33488453,0
13_3_6,-71.6385951,10.73633737,-30.74561589,0
13_4_1,-57.70178263,13.4393307,22.15039649,0
13_4_2,-57.58992573,13.44442406,22.2459517,0
13_4_3,-57.57120176,13.49945769,22.52201743,0
13_4_4,-57.83037139,13.35745982,21.77271211,0
13_4_5,-57.48330694,13.52179888,22.53950074,0
13_4_6,-57.84642681,13.38068529,22.03323949,0
13_5_1,-86.47287152,18.26375818,28.26122763,0
13_5_2,-81.49817948,23.51003962,36.78510163,0
13_5_3,-80.6397957,18.70824734,41.26209604,0
13_5_4,-89.12766863,5.227998962,-27.27812585,0
13_5_5,-87.82618025,5.776126601,-31.16850236,0
13_5_6,-90.01761606,6.419288217,-24.18338531,0
13_6_1,-73.54002604,-0.575527452,3.199199433,0
13_6_2,-73.52716395,-0.715329202,2.094761302,0
13_6_3,-73.59668286,-0.655289357,2.573334619,0
13_6_4,-73.55032714,-0.670208571,2.283258104,0
13_6_5,-73.56463682,-0.74604001,1.811931075,0
13_6_6,-73.62395118,-0.694995107,2.864048146,0
13_7_1,-70.20352554,1.137597879,8.651397461,0.186311091
13_7_2,-70.0760047,1.212809087,9.122056393,0
13_7_3,-70.09123774,1.302781876,9.748096544,0
13_7_4,-70.05094369,1.292671166,9.524070859,0.523140494
13_7_5,-70.10280766,1.204555234,9.18822532,0
13_7_6,-70.18246691,1.150201735,9.327970712,0
13_8_1,-67.91853333,0.67236863,16.03819503,0
13_8_2,-67.92951246,0.599243491,15.72071683,0
13_8_3,-67.74062127,0.841390744,16.91497097,0
13_8_4,-67.82464296,0.75345596,16.27654716,0
13_8_5,-67.78790959,0.754070589,16.43090966,0
13_8_6,-67.94229692,0.595492614,16.23840499,0
13_9_1,-107.7781364,-16.58127337,17.38739314,0
13_9_2,-80.29116034,8.343970648,73.61604227,0
13_9_3,-107.385508,-15.91213997,20.20077891,0
13_9_4,-108.905429,-18.86443292,1.269529739,0
13_9_5,-99.35799886,-7.0714487,46.66588239,0
13_9_6,-108.5513165,-16.13675436,13.12200803,0
14_1_1,-20.0060719,-4.369696437,-30.34207686,0
14_1_2,-19.85155673,-4.448857555,-30.29264657,0.966837724
14_1_4,-19.98526426,-4.457343372,-30.27866713,0
14_1_5,-19.85142592,-4.475292875,-30.29936235,0
14_1_6,-20.00950705,-4.706996608,-30.51032762,0
14_10_1,4.49737445,30.90410298,28.42024987,0
14_10_2,4.468700482,30.95732112,28.22577319,0
14_10_3,4.442068926,30.91924567,28.52133148,0
14_10_4,4.452228895,30.87159662,28.3891595,0
14_10_5,4.444676894,31.0364873,28.25434422,0
14_10_6,4.418344723,31.16083839,28.34370956,0
14_11_1,-6.221900522,21.07249727,-11.92084893,0
14_11_2,-6.082168399,20.94574753,-11.99191576,0
14_11_3,-6.087471958,21.21621351,-11.85890904,0
14_11_4,-6.239494494,20.97866672,-11.94513955,0
14_11_5,-6.037798139,21.025541,-12.0057138,0
14_11_6,-6.365389243,21.2089145,-12.11976489,0
14_2_1,-10.36862253,16.73911493,0.156693403,0.099737225
14_2_2,-10.40269497,16.5642372,-0.005199975,0
14_2_4,-10.3528339,16.66429988,0.122990569,0
14_2_5,-10.44822044,16.61276212,-0.014747637,0
14_2_6,-10.56287896,16.92240214,0.054822674,0
14_3_1,-2.187958124,22.55111259,-32.05032614,0.008291985
14_3_2,-1.966083295,22.60732521,-31.8683283,0.037918546
14_3_3,-2.153202203,22.66081619,-32.04391191,0
14_3_4,-1.901224443,22.76343421,-31.80004223,0.007107385
14_3_5,-1.930077237,22.67307963,-31.88430202,0
14_3_6,-1.84378352,22.87056916,-31.95810281,0
14_4_1,-11.64287763,15.42763213,0.961431405,0
14_4_2,-11.65160266,15.2507012,0.785751666,0
14_4_3,-11.66548519,15.48553532,1.022223875,0
14_4_4,-11.61674759,15.35591234,0.920802474,0
14_4_5,-11.72126911,15.3023349,0.779582883,0
14_4_6,-11.86022698,15.55411709,0.83907926,0
14_5_1,-13.74555405,14.69272872,-22.06035467,0
14_5_2,-13.72550161,14.44104505,-22.05848107,0
14_5_3,-13.75714242,14.77931495,-22.06691916,0
14_5_4,-13.70515957,14.64698032,-22.0176391,0
14_5_5,-13.78158675,14.42093159,-22.11800993,0
14_5_6,-13.95573464,14.44185922,-22.34528717,0
14_6_1,-21.18321724,9.340293384,-7.055145572,0
14_6_2,-21.12444894,9.155415493,-7.155980477,0
14_6_3,-21.26037544,9.38656114,-7.032545009,0
14_6_4,-21.11864461,9.312597153,-7.051536923,0
14_6_5,-21.21482539,9.154068253,-7.206244148,0
14_6_6,-21.50217114,9.133517745,-7.324072006,0
14_7_1,-15.7192174,9.359608351,-4.125561667,0.324129292
14_7_2,-15.63909332,9.205170547,-4.207072026,0
14_7_3,-15.80979891,9.408130162,-4.104635007,0
14_7_4,-15.6522079,9.321278049,-4.123212425,0
14_7_5,-15.75626864,9.202079869,-4.246753168,0
14_7_6,-16.01654102,9.273647468,-4.335385937,0
14_8_1,-14.46192606,14.492895,-0.814002614,0
14_8_2,-14.41156401,14.33997393,-0.948549086,0
14_8_3,-14.52352868,14.56542299,-0.77362143,0
14_8_4,-14.41413439,14.43370359,-0.832628879,0
14_8_5,-14.50275443,14.39049031,-0.979230773,0
14_8_6,-14.6886955,14.5649204,-1.006082964,0
14_9_1,-15.10314081,34.36514222,16.25475533,0
14_9_2,-37.86067571,9.782471622,-19.7676447,0
14_9_3,-14.75518306,35.67083782,13.52526415,0
14_9_4,-14.82531901,35.56745578,13.47011738,0
14_9_5,-14.54018208,35.81294558,13.24892942,0
14_9_6,-14.2961647,36.04395544,13.60127349,0
15_1_1,-23.7722152,-51.61368044,-40.17966572,1.41892236
15_1_2,-24.69159947,-50.37478523,-40.99916225,1.029686682
15_1_4,50.18507499,33.59828934,20.11833024,1.411224795
15_1_5,-24.42567513,-50.66784653,-40.796167,0
15_1_6,-23.07678271,-52.62828426,-39.37350019,0
15_10_1,2.910253728,-6.870217868,58.97562713,0.246322867
15_10_2,3.166694084,-6.644932076,58.95509443,0
15_10_3,2.960452731,-6.822635458,59.02625124,0
15_10_4,2.958071622,-6.807939333,58.95070064,0.25375159
15_10_5,3.131437504,-6.638910762,59.01070217,0
15_10_6,2.776977855,-7.205384963,59.08305973,0
15_11_1,-10.64583476,-43.98049401,36.52403313,0.404768388
15_11_2,-17.76578327,-54.09439963,16.24593714,0.050967078
15_11_3,-24.53423513,-54.4878689,-4.432085985,0
15_11_4,-16.88461817,-53.33725425,19.02382142,0
15_11_5,0.757814253,-29.63240189,49.24027112,0
15_11_6,-7.306369807,-38.85335907,42.39585965,0
15_2_1,-13.90340655,-26.81977912,36.87733262,0.319033211
15_2_2,-13.94613135,-26.94171955,36.7133645,0.634990272
15_2_4,-13.79944079,-26.61128912,37.00440036,0.360143576
15_2_5,-13.79891163,-26.76210486,36.9285874,0
15_2_6,-13.67239626,-26.76192895,37.22470139,0
15_3_1,60.73814065,19.15962883,29.09415077,0.055714899
15_3_2,-18.18589097,-37.26115288,-61.3244056,0.074725617
15_3_3,-17.55332878,-38.86215229,-60.65525815,0
15_3_4,-17.42872731,-38.59636997,-60.79126234,0.058089471
15_3_5,0.023282437,-50.38662598,-55.18513828,0
15_3_6,-17.38908616,-38.2227588,-61.16604261,0
15_4_1,-15.30524152,-23.10107268,36.22350608,0
15_4_2,-15.22723449,-23.01866034,36.2029175,0
15_4_3,-15.1184261,-22.83269843,36.49992452,0
15_4_4,-15.82542639,-23.94603078,35.42270535,0
15_4_5,-15.21146693,-23.00336235,36.26690564,0
15_4_6,-15.74845975,-23.9166549,35.67384459,0
15_5_1,-23.64866493,-54.85638329,-52.7062412,0
15_5_2,33.0524122,-15.0223323,67.02743851,0
15_5_3,-24.55163125,-53.38808167,-53.81435363,0
15_5_4,56.88602036,28.06656519,39.93240496,0
15_5_5,-28.91682772,-49.32887057,-55.23876344,0
15_5_6,35.7319498,-13.95718075,66.11580584,0
15_6_1,-23.5077139,-52.39690107,9.106047866,0.36794358
15_6_2,-23.13105495,-52.08416639,10.75459476,0.508901145
15_6_3,-23.89646795,-52.57269496,7.572594032,0
15_6_4,-20.2508004,-49.75996895,20.76446327,0
15_6_5,-23.59689149,-52.41816514,8.635315149,0
15_6_6,-23.08712502,-52.24644871,10.9292697,0
15_7_1,-20.19059349,-43.31753027,21.12349767,0.391533367
15_7_2,-20.03021711,-43.12757563,21.44683396,1.403609478
15_7_3,-19.91097791,-43.09984589,21.87399617,0.514580066
15_7_4,-20.13782243,-43.24116148,21.22451517,0.605725144
15_7_5,-20.8621972,-43.90870487,19.30558891,0
15_7_6,-20.47559053,-43.68566857,20.40797773,0
15_8_1,-18.53696412,-32.02292085,27.72128648,0
15_8_2,-18.03833498,-31.40131648,28.54595495,0
15_8_3,-18.51272202,-32.02237749,27.81743723,0
15_8_4,-18.81725468,-32.27389417,27.18543966,0
15_8_5,-18.12104103,-31.53062201,28.42390258,0
15_8_6,-18.76932925,-32.38971313,27.32225466,0
15_9_1,-24.8381665,-82.18973728,-22.76631661,0
15_9_2,16.23439851,-78.24711105,35.22904943,0
15_9_3,-35.86232637,-75.80186149,-29.24020176,0
15_9_4,-2.613449348,-59.41870874,61.72836956,0
15_9_5,-36.66156449,-76.30605628,-26.44582597,0
15_9_6,-32.61006732,-79.2902058,-23.01885908,0
16_1_1,-29.21313947,20.77721063,-73.0279606,0
16_1_2,-29.19963409,19.28357013,-73.46797416,0
16_1_4,-29.37660144,20.19526962,-73.12518537,0
16_1_5,-29.25349465,20.46455931,-73.07009337,0
16_1_6,-4.358713326,60.63568196,-50.38286359,0
16_10_1,2.98257747,66.55061916,21.58113338,0
16_10_2,3.722247567,65.63243683,24.08783462,0
16_10_3,3.54103782,65.92140164,23.56254701,0
16_10_4,-23.01968841,60.18156159,-31.96073623,0
16_10_5,-21.13044883,61.99505063,-29.4886842,0
16_10_6,3.947984841,65.49426824,24.80937309,0
16_11_1,-8.944570988,62.41799887,-20.29667958,0
16_11_2,-9.179332647,62.18104362,-20.83130807,0
16_11_3,-9.561292468,61.94048662,-21.83529257,0
16_11_4,-10.72210381,60.84337219,-24.50605498,0
16_11_5,-12.03169529,59.59416444,-27.33211599,0
16_11_6,-6.177544383,64.28175435,-13.31535395,0
16_2_1,-18.03291747,42.0560594,-13.36405444,0
16_2_2,-17.87713004,42.13363551,-13.015541,0
16_2_3,-17.70112004,42.36154466,-12.63755056,0
16_2_4,-18.51005717,41.61571634,-14.11025646,0
16_2_5,-18.34531986,41.76141615,-13.86077217,0
16_2_6,-17.46434553,42.72053586,-12.16143172,0
16_3_1,12.84187252,79.98549962,-33.76785898,0.004738225
16_3_2,15.00373746,80.70309582,-30.51012334,0.009476602
16_3_3,18.00076676,81.20094868,-27.08321032,0
16_3_4,-20.82767299,40.74237746,-78.50834901,0.005922799
16_3_5,-28.45021997,33.13445753,77.12264508,0
16_3_6,33.01981112,80.20565484,-4.047277077,0
16_4_1,-19.50283601,40.46743669,-11.44450871,0
16_4_2,-19.85672704,40.1019419,-11.92297043,0
16_4_3,-19.66035429,40.38326663,-11.64667511,0
16_4_4,-19.59465572,40.35145808,-11.56035592,0
16_4_5,-19.34011382,40.55375179,-11.21732499,0
16_4_6,-19.8779121,40.27658926,-12.06591176,0
16_5_1,-24.4730951,39.1643464,-56.1345804,0
16_5_2,-20.63876837,45.17193932,-52.42207307,0
16_5_3,-24.12865847,39.74952785,-55.8580566,0
16_5_4,-25.47208715,37.54851738,-56.87239765,0
16_5_5,-26.77949545,35.51638329,-57.67833707,0
16_5_6,-21.20022374,44.29233651,-53.19201678,0
16_6_1,-32.04969332,39.10818974,-33.69947595,0
16_6_2,-34.31333516,35.37288099,-35.90375148,0
16_6_3,-21.29192753,53.33623059,-15.21310515,0
16_6_4,-27.44329708,45.83474099,-27.82571048,0
16_6_5,-34.23353969,35.53277581,-35.84939354,0
16_6_6,-35.36047428,33.67486978,-37.00725301,0
16_7_1,-24.44597045,37.45255331,-17.7508798,0.613359588
16_7_2,-25.12879261,36.73223044,-18.24265711,0
16_7_3,-24.25071936,37.69943905,-17.61367507,0
16_7_4,-24.54726627,37.32109229,-17.79835274,0
16_7_5,-25.07157812,36.83871389,-18.2382049,0
16_7_6,-25.27463785,36.75267602,-18.54850395,0
16_8_1,-23.03309054,39.33029357,-14.6099531,0
16_8_2,-22.77608961,39.52434656,-14.15438837,0
16_8_3,-23.19816818,39.23733705,-14.85193651,0
16_8_4,-23.19973299,39.12856466,-14.80109368,0
16_8_5,-23.52946709,38.84371076,-15.17642997,0
16_8_6,-23.71868697,38.79874385,-15.48433426,0
16_9_1,-49.95664374,-3.860343822,-87.24794364,0
16_9_2,-53.55094326,-2.081278429,-85.01825367,0
16_9_3,-50.33793789,1.34780109,-86.97762888,0
16_9_4,-8.160071189,-58.63359062,-82.73680638,0
16_9_5,-42.67519544,-13.37311202,-90.41110312,0
16_9_6,16.50515548,54.62657585,76.8839965,0
17_1_1,28.07620382,40.71720963,0.647856335,0
17_1_2,-28.26171143,-17.34671735,-44.87836526,0
17_1_4,-28.67933157,-16.76791852,-44.8846078,0
17_1_5,-28.28886541,-17.25958867,-44.83892577,0
17_1_6,28.70969474,40.26780142,1.714615365,0
17_10_1,6.611737158,22.11274705,42.58986957,0
17_10_2,7.160094042,22.18801971,42.42589415,0
17_10_3,7.458312692,22.18724444,42.56215765,0
17_10_4,6.998289638,22.3057504,42.39592501,0
17_10_5,6.256160009,22.10136075,42.62269146,0
17_10_6,7.202447707,22.32123787,42.56921199,0
17_11_1,0.746148145,34.94941492,13.83755676,0
17_11_2,0.923127447,34.92543036,13.70220356,0
17_11_3,0.789213762,34.96868537,13.93711704,0
17_11_4,0.789827782,34.89281758,13.84924934,0
17_11_5,0.548061457,34.93475035,13.82388742,0
17_11_6,1.243360745,35.19942421,13.74406516,0
17_2_1,-9.537741057,11.24519101,19.64198917,0
17_2_2,-9.728521649,10.96799104,19.60124965,0
17_2_3,-9.507835964,11.25621823,19.68788942,0
17_2_4,-9.558111301,11.15473379,19.61109013,0
17_2_5,-9.797297491,10.97496466,19.67398777,0
17_2_6,-9.866567864,11.17411831,19.86196761,0
17_3_1,4.319399258,35.24945703,-38.25191149,0.004738225
17_3_2,3.165580885,34.15952253,-39.4680624,0.018954418
17_3_3,12.78301281,42.27037816,-25.5119577,0
17_3_4,12.31251343,41.89981262,-26.26528366,0.003553661
17_3_5,11.96116498,41.70591932,-26.86432053,0
17_3_6,12.54873428,42.15228482,-25.98798799,0
17_4_1,-12.48649995,6.70438323,22.16038324,0
17_4_2,-12.42910347,6.550154893,22.11698305,0
17_4_3,-12.45211833,6.740636333,22.28477366,0
17_4_4,-12.46430001,6.697331878,22.09194335,0
17_4_5,-12.36983609,6.572206759,22.2679238,0
17_4_6,-12.42334727,6.521052496,22.55060754,0
17_5_1,8.1235359,42.19336385,3.541354245,0
17_5_2,8.162367119,42.08104821,3.536316172,0
17_5_3,8.405804926,42.13456592,4.045022229,0
17_5_4,7.552082758,42.30429108,2.611674483,0
17_5_5,6.804244321,42.52140592,-0.430766276,0
17_5_6,7.407370128,42.51179503,2.050055105,0
17_6_1,-19.84391351,5.641654975,24.36486803,0
17_6_2,-19.87514257,5.362869377,24.32178839,0
17_6_3,-19.74166879,5.712344688,24.55449247,0
17_6_4,-19.85672951,5.676491251,24.26364603,0
17_6_5,-19.59190354,5.324442446,24.72646437,0
17_6_6,-19.51704488,5.177515717,25.13269981,0
17_7_1,-16.3105106,4.913659427,20.58522947,0
17_7_2,-16.29106956,4.668459842,20.55442478,0
17_7_3,-16.33848993,4.925465099,20.72486549,0
17_7_4,-16.27692798,4.880195672,20.54037845,0.218016938
17_7_5,-16.37270804,4.614721337,20.65713676,0
17_7_6,-16.50646238,4.532480961,20.84139002,0
17_8_1,-15.15335709,7.35026911,24.93485648,0
17_8_2,-15.11639048,7.068444176,24.96261813,0
17_8_3,-15.12589122,7.40895581,25.07177074,0
17_8_4,-15.14528751,7.322442588,24.87465832,0
17_8_5,-15.10420143,7.028813851,25.12480033,0
17_8_6,-15.05877071,7.058290501,25.39926359,0
17_9_1,1.606894504,20.61872525,64.9923311,0
17_9_2,1.613344859,19.91868686,65.20603928,0
17_9_3,-0.237219583,19.1046232,65.52567669,0
17_9_4,-0.224823196,18.19975464,65.76108043,0
17_9_5,1.657401173,19.02553003,65.54616546,0
17_9_6,1.381699789,18.20622844,65.94620497,0
18_1_1,5.026774972,-41.85384279,-28.91632241,1.629665578
18_1_2,4.92943154,-41.6649309,-29.02269861,0.977731326
18_1_4,5.224751776,-42.01474444,-28.59982409,1.51851784
18_1_5,4.888644147,-41.59669211,-29.10547711,0
18_1_6,4.921778528,-41.63328305,-29.37584607,0
18_10_1,24.64561697,-6.299500344,37.27058328,0.121245753
18_10_2,24.58049061,-6.600361844,37.18934431,0.258714982
18_10_3,24.65433132,-6.57701733,37.31400733,0
18_10_4,24.6192917,-6.297343989,37.23255949,0
18_10_5,24.60538813,-6.8925732,37.20885996,0
18_10_6,24.76239311,-6.107320994,37.35874431,0
18_11_1,42.31878598,-24.90992608,3.455812849,0.741028741
18_11_2,41.63543786,-26.13453107,3.39914472,0.291204446
18_11_3,21.63785859,-44.71141925,2.322418646,0
18_11_4,42.18278205,-25.10348207,3.447370929,0
18_11_5,20.96898617,-45.00060025,0.964742968,0
18_11_6,41.85532584,-26.10762846,3.385474986,0
18_2_1,7.479101189,-24.69741798,17.55550524,0.443720587
18_2_2,7.546726969,-24.48331236,17.54907824,0.653843618
18_2_3,7.753838273,-24.34705705,17.82676823,0
18_2_4,7.617199872,-24.46251116,17.66403942,0.666581548
18_2_5,7.863661185,-24.22243395,17.81348508,0
18_2_6,7.931948122,-24.65019573,17.8562637,0
18_3_1,16.35073795,-27.18390625,-41.91994898,0.05927693
18_3_2,16.56244253,-27.02140068,-41.85601625,0.110482409
18_3_3,16.37250018,-27.19528163,-41.96786429,0
18_3_4,16.3668584,-27.1263388,-41.89922056,0.048593791
18_3_5,16.60408537,-27.3596041,-41.71955418,0
18_3_6,21.08644545,-28.35673608,-39.41217429,0
18_4_1,3.258018059,-22.86155822,14.01713803,0
18_4_2,3.060548151,-22.88122491,13.73397484,0
18_4_3,3.300217356,-22.88175723,14.10211247,0
18_4_4,3.213471889,-22.8104484,13.94298958,0
18_4_5,3.025666581,-22.99856744,13.72906183,0
18_4_6,3.078360037,-23.31731928,13.83640444,0
18_5_1,13.37651259,-39.55759296,-30.00314344,0
18_5_2,14.67494824,-40.45322623,-28.21594884,0
18_5_3,13.64667816,-39.94392125,-29.48866084,0
18_5_4,13.49830474,-39.69376337,-29.72352216,0
18_5_5,13.41258362,-39.79400306,-29.59178806,0
18_5_6,13.28888375,-39.76591978,-29.94803596,0
18_6_1,4.585175807,-46.05394827,-4.34068766,0.071158472
18_6_2,4.611524292,-45.9517231,-4.143750042,0.411422381
18_6_3,4.508235774,-46.08920689,-4.485441678,0
18_6_4,4.079353966,-45.95335858,-5.237772284,0.004738225
18_6_5,4.681672317,-45.98985728,-4.045971065,0
18_6_6,4.305029296,-46.10398226,-5.088706142,0
18_7_1,1.991792519,-36.22624792,4.273665027,0.126035769
18_7_2,1.898605111,-36.08739322,4.246030841,1.080084874
18_7_3,2.032364027,-36.30248892,4.321484788,0
18_7_4,2.051919524,-36.09284826,4.585650945,0.426150188
18_7_5,1.960434206,-36.13443379,4.363064931,0
18_7_6,1.874518959,-36.47650885,3.700158266,0
18_8_1,1.843932243,-32.26938877,9.326091351,0
18_8_2,1.746560276,-32.17754018,9.206340632,0
18_8_3,1.865248274,-32.37185553,9.331527458,0
18_8_4,1.782469347,-32.23427024,9.235586513,0
18_8_5,1.68032774,-32.39670325,8.937601094,0
18_8_6,1.696729465,-32.70751789,8.748786749,0
18_9_1,17.24512699,-64.04491554,-7.247927946,0
18_9_2,18.02417372,-63.9230649,-6.299219661,0
18_9_3,16.48382619,-64.19457948,-8.303620878,0
18_9_4,19.10706526,-63.68593993,-4.820331757,0
18_9_5,20.77792667,-63.35364906,-2.624561754,0
18_9_6,18.57839524,-63.99626817,-5.939519134,0
19_1_1,-11.02240873,-15.8559914,-21.69742553,0
19_1_2,-10.87465136,-15.84446794,-21.62869454,1.00444599
19_1_4,-10.97825835,-15.80802071,-21.65158752,0
19_1_5,-10.86786374,-15.8567694,-21.6366296,0
19_1_6,-11.03950722,-16.14615826,-21.8337546,0
19_10_1,10.15195973,14.29454525,30.28482158,0
19_10_2,9.982569855,14.11208542,30.33559208,0
19_10_3,10.20251638,14.32181541,30.35522932,0
19_10_4,10.10753445,14.25951246,30.2557851,0
19_10_5,10.01108849,14.1063837,30.42776963,0
19_10_6,10.03690171,14.09803369,30.63645412,0
19_11_1,5.882981388,11.72061562,-8.376812739,0.40078779
19_11_2,5.674397761,11.51594017,-8.553989626,0
19_11_3,5.973354409,11.81945673,-8.304767035,0
19_11_4,5.810089466,11.63386888,-8.399784233,0
19_11_5,5.724940147,11.59731398,-8.568062187,0
19_11_6,6.168955225,12.00572299,-8.406573744,0
19_2_1,-1.95902357,4.750573676,8.073169107,0
19_2_2,-2.000244591,4.646146422,7.879589527,0.478049618
19_2_3,-1.975045121,4.726767342,8.111780444,0
19_2_4,-1.978530907,4.684635646,8.005438047,0
19_2_5,-1.989735061,4.717693057,7.924210045,0
19_2_6,-1.881876642,4.939524755,8.339483472,0
19_3_1,7.523756854,12.63332032,-28.68153631,0.058089471
19_3_2,7.397513505,12.40955934,-28.73122558,0.099737225
19_3_3,7.589455373,12.74893617,-28.69350945,0
19_3_4,7.372543258,12.47785795,-28.75439425,0.016584784
19_3_5,7.436243167,12.45076796,-28.80104676,0
19_3_6,7.73415501,12.74882326,-28.76994534,0
19_4_1,-3.677544672,1.766683953,8.333591004,0
19_4_2,-3.685936025,1.688762782,8.123201148,0
19_4_3,-3.699025836,1.773974134,8.431067119,0
19_4_4,-3.66069499,1.743522901,8.243634258,0
19_4_5,-3.734743513,1.692488638,8.216000253,0
19_4_6,-3.738915329,1.762159109,8.61284975,0
19_5_1,-4.114444344,3.803783891,-18.41827143,0
19_5_2,-4.178487121,3.549674921,-18.35932821,0
19_5_3,-4.11085901,3.894357464,-18.4692818,0
19_5_4,-4.099852758,3.75855113,-18.35223955,0
19_5_5,-4.243029922,3.531561878,-18.45457799,0
19_5_6,-4.371874713,3.512892181,-18.75459452,0
19_6_1,-10.83509012,-9.787023437,-2.789869764,0.168141795
19_6_2,-10.65483168,-9.682969845,-3.030301876,0
19_6_3,-10.95197513,-9.87251898,-2.66859169,0
19_6_5,-10.76145053,-9.757268956,-3.04694203,0
19_6_6,-11.10223192,-10.04138795,-3.048806204,0
19_7_1,-6.139903568,-3.961326911,1.864209361,0.352373758
19_7_2,-6.049469116,-3.970945776,1.667799815,0
19_7_3,-6.227626334,-3.988348702,1.94848092,0
19_7_4,-6.078502984,-3.95095403,1.817674446,0
19_7_5,-6.149289787,-3.999495502,1.666524375,0
19_7_6,-6.390230715,-4.073170401,1.712194484,0
19_8_1,-5.090238955,-1.426123036,6.597397872,0
19_8_2,-5.083661919,-1.478934784,6.366081184,0
19_8_3,-5.126227851,-1.427543709,6.736138164,0
19_8_4,-5.061101491,-1.431878048,6.504080973,0
19_8_5,-5.160104667,-1.499407847,6.457314876,0
19_8_6,-5.273093171,-1.529056094,6.795555031,0
19_9_1,-9.388323314,-10.18694496,10.98230423,0
19_9_2,-9.418132268,-10.2387904,10.72145187,0
19_9_3,-9.417869622,-10.2275723,11.09795763,0
19_9_4,-9.358874429,-10.15091895,10.8971524,0
19_9_5,-9.497641647,-10.33556052,10.76603553,0
19_9_6,-9.68533845,-10.59263831,10.99878644,0
2_1_1,6.865449309,-25.47863895,-21.14334092,1.205725006
2_1_2,6.885534925,-25.36925998,-21.10124212,0.66498169
2_1_5,6.895595676,-25.39446974,-21.11721902,0
2_1_6,6.931943595,-25.68897311,-21.3063879,0
2_10_1,35.29123591,-0.580641031,28.33568813,0.364039752
2_10_2,35.11638457,-0.987755788,28.45240472,0
2_10_3,35.3268619,-0.57166282,28.3858781,0
2_10_4,35.27437696,-0.525174856,28.27453326,0.37446726
2_10_5,35.15509184,-1.025993258,28.51047398,0
2_10_6,35.23865791,-1.226409156,28.67858969,0
2_11_1,29.11566743,1.301970805,-3.767899752,0.732503585
2_11_2,28.9447742,1.179083725,-3.89895561,0
2_11_3,29.26032886,1.346861043,-3.635900383,0
2_11_4,29.02278073,1.271547096,-3.835279496,0
2_11_5,29.08535094,1.16879126,-3.76357102,0
2_11_6,29.37596775,1.187027892,-3.573874276,0
2_2_1,13.74581683,-6.805877919,-2.27856826,0.016584784
2_2_2,13.54623823,-7.014818453,-2.49174845,0
2_2_4,13.65108781,-6.881578219,-2.315439461,0.024879208
2_2_5,13.61461593,-6.970897285,-2.521411443,0
2_2_6,14.0398385,-6.697337357,-2.49772162,0
2_3_1,26.93641923,-2.732290034,-25.31113251,0.334356889
2_3_2,27.01557274,-2.350699394,-24.89445953,0.196036519
2_3_3,27.06091005,-2.63577243,-25.26607469,0
2_3_4,26.89100907,-2.691230087,-25.24564125,0.194819433
2_3_5,27.03465453,-2.37361933,-24.94533766,0
2_3_6,26.7122542,-3.22605593,-25.71895651,0
2_4_1,11.02263097,-9.873313897,-0.703153964,0
2_4_2,10.90496774,-9.987218152,-0.926310801,0
2_4_3,11.05151076,-9.860034201,-0.614862843,0.734203206
2_4_4,10.95454011,-9.927573534,-0.732741955,0.642809713
2_4_5,10.97043594,-9.936212396,-0.978511483,0
2_4_6,11.25252032,-9.736301621,-1.105735932,0
2_5_1,15.37973262,-15.28743708,-23.66295554,0
2_5_2,15.2239438,-15.37787292,-23.60358241,0
2_5_3,15.45198842,-15.33014569,-23.71292252,0
2_5_4,15.33114552,-15.24223348,-23.61051273,0
2_5_5,15.24507249,-15.50683348,-23.68198388,0
2_5_6,15.37429897,-15.84108759,-23.91948911,0
2_6_1,5.645791771,-22.8237666,-4.594497202,0.23398368
2_6_2,5.714627897,-22.58387568,-4.807398506,0
2_6_3,5.615936953,-23.00195436,-4.513118733,0
2_6_4,5.668098013,-22.69830837,-4.623947954,0
2_6_5,5.688943324,-22.74789209,-4.848846677,0
2_6_6,5.649652878,-23.17251039,-4.916920378,0
2_7_1,7.052794107,-17.0270666,-3.129069888,0
2_7_2,7.149666261,-16.80584276,-3.265566038,0
2_7_3,6.996898047,-17.19373631,-3.085275061,0
2_7_4,7.089629002,-16.91200862,-3.130659794,0.282416878
2_7_5,7.106894655,-16.95357271,-3.338604542,0
2_7_6,7.010734298,-17.35803329,-3.500979613,0
2_8_1,8.211713105,-15.34171063,1.160516802,0.552056209
2_8_2,8.245709672,-15.16615551,0.838732502,0
2_8_3,8.177656768,-15.49104304,1.348580045,0.458734734
2_8_4,8.235642197,-15.23386252,1.0482521,0.772300475
2_8_5,8.192557044,-15.32432962,0.922174541,0
2_8_6,8.092816436,-15.7689613,1.272262341,0
2_9_1,8.274466733,-19.64375666,4.281228877,0
2_9_2,8.207225032,-19.5598458,4.013967964,0
2_9_3,8.284348797,-19.77710379,4.409634175,0
2_9_4,8.264169061,-19.54851899,4.195681204,0
2_9_5,8.177867612,-19.73054074,4.058289856,0
2_9_6,8.183188035,-20.15409596,4.244593513,0
20_1_1,48.14423926,-68.6778661,124.7417734,1.509653439
20_1_2,23.2286817,-139.660619,53.79384344,1.0925515
20_1_4,-2.759491912,-141.0892212,-55.6540883,1.514071444
20_1_5,59.17683033,-136.2561195,29.09635473,0
20_1_6,14.12395878,-113.723735,-99.22013325,0
20_10_1,26.05005612,-31.5005372,113.8214763,0.106898753
20_10_2,16.9940635,-32.30614081,115.3153273,0
20_10_3,-2.152683136,-25.13094238,118.2670499,0
20_10_4,6.381980506,-22.35615746,118.5724032,0
20_10_5,8.57135899,-22.47099714,118.4131291,0
20_10_6,-1.30073757,-21.15673683,119.0297229,0
20_11_1,51.23177953,-100.1183129,55.07442445,0.602684325
20_11_2,17.45310304,-65.00378508,104.6239192,0.257473302
20_11_3,26.36236857,-123.0828762,5.667361723,0
20_11_4,43.77153545,-101.5638891,58.70377815,0.526005382
20_11_5,55.85072438,-64.88612238,90.09125833,0
20_11_6,-20.93512979,-115.2640771,-46.74141106,0
20_2_1,-7.62176332,-98.49859382,49.22312527,0.419440305
20_2_2,-1.295003475,-53.39907204,95.05732211,0
20_2_3,-4.500681605,-66.42104535,86.9102185,0
20_2_4,-20.44852438,-79.72783188,72.82043658,0.370550437
20_2_5,1.915502289,-56.6965292,93.20433396,0
20_2_6,-27.04735395,-58.71399545,88.33998391,0
20_3_1,100.8021697,-42.15263085,89.11937218,0.072347374
20_3_2,-12.61697108,-52.02882858,130.8805542,0.065216063
20_3_3,67.79182893,-71.73456214,101.4109086,0
20_3_4,57.23981549,-34.55042992,123.9634884,0.041476192
20_3_5,-8.592391546,-28.9880977,137.7883121,0
20_3_6,61.42760833,-123.1501664,36.5410821,0
20_4_1,-9.531433235,-67.22594055,82.05962775,0
20_4_2,-12.34346048,-66.54831251,82.22493057,0
20_4_3,-17.39556512,-102.5079147,28.47636196,0
20_4_4,-8.411271611,-89.0940725,58.92641941,0
20_4_5,-3.4008653,-89.02209522,59.5208256,0
20_4_6,-13.79111065,-68.60821991,80.50192927,0
20_5_1,110.2480485,-30.196666,83.50149292,0
20_5_2,-54.09702622,-58.59730967,117.8537131,0
20_5_3,97.54300596,-89.78880229,52.66490945,0
20_5_4,96.77766483,-80.743889,66.35247236,0
20_5_5,118.1224787,-40.64473896,67.15069441,0
20_5_6,-46.4529092,-94.76744842,96.52553222,0
20_6_1,-39.98248662,-120.7500256,10.26388439,0.319033211
20_6_2,-32.74029097,-123.2551373,4.563735352,0.681080851
20_6_3,8.582803698,-84.7087774,93.64390002,0
20_6_4,-38.08817144,-120.9814712,13.88299711,0
20_6_5,4.510584793,-110.3147983,63.06426979,0
20_6_6,18.7180762,-104.3688398,69.83847337,0
20_7_1,-20.31304648,-87.56367441,55.91112979,0.207009088
20_7_2,-25.06413741,-97.47878773,34.19869782,1.259769724
20_7_3,-26.22123957,-81.85436664,61.65721578,0
20_7_4,-21.81053642,-86.42227412,57.03130588,0.734203206
20_7_5,-15.41608046,-97.37607455,39.71653833,0
20_7_6,-18.31422655,-96.37168107,40.93523567,0
20_8_1,-37.18418509,-91.12005007,48.07467955,0
20_8_2,-37.48801652,-90.7063072,48.51966795,0
20_8_3,-42.90382912,-89.15173515,47.02220078,0
20_8_4,-27.27580679,-62.42686705,84.49235245,0
20_8_5,-11.73150669,-83.68215981,68.7920181,0
20_8_6,-32.61398784,-68.81157885,77.77356134,0
20_9_1,-79.15800786,-106.5700581,-43.34463053,0
20_9_2,75.60046213,-70.654612,91.24357924,0
20_9_3,-61.62358458,-115.3390572,-49.25231375,0
20_9_4,-57.94675161,-124.1852115,-27.20528584,0
20_9_5,35.41512845,-94.61363056,94.76942586,0
20_9_6,-76.01134865,-112.9298929,-31.38097502,0
21_1_1,-26.62789294,-20.63410977,-32.32851075,1.564635975
21_1_2,-26.36566018,-20.62863972,-32.44070892,1.025041374
21_1_4,-26.58325245,-20.67860977,-32.27300328,1.634936839
21_1_5,-26.388565,-20.7409888,-32.37962402,0
21_1_6,-26.39961361,-20.89582195,-32.54531356,0
21_10_1,0.277144816,11.71260507,41.28731456,0
21_10_2,0.392077665,11.52626136,41.25423566,0
21_10_3,0.227906295,11.70278432,41.34751549,0
21_10_4,0.320014276,11.6702572,41.25275683,0.426150188
21_10_5,0.349405433,11.44830145,41.34262973,0
21_10_6,0.303289225,11.39899746,41.53117293,0
21_11_1,-12.89666354,28.92517755,0.772120617,0.261200025
21_11_2,-34.50394709,-9.634468669,-15.61481324,0.08781723
21_11_3,-34.55835959,-9.612936289,-15.897361,0
21_11_4,-34.42954188,-9.554809612,-16.0293537,0.099737225
21_11_5,-36.04484741,-10.6972684,-6.143034085,0
21_11_6,-17.42976496,26.86934902,-0.251487229,0
21_2_1,-16.42448179,-1.061797896,8.31565437,0.347210235
21_2_3,-16.38078873,-1.049523544,8.359654439,0
21_2_4,-16.35572488,-1.058725945,8.262734823,0.563795053
21_2_5,-16.42654516,-1.110147454,8.10470356,0
21_2_6,-16.7804794,-1.173290283,8.263439432,0
21_3_1,-10.40219531,-2.355106776,-49.34451936,0.055714899
21_3_2,-6.664258013,3.369375075,-49.23705595,0.22906215
21_3_3,-10.33236025,-2.169320739,-49.42087015,0
21_3_4,-10.32800673,-2.254235334,-49.31083518,0.154867889
21_3_5,-12.92434558,-3.972220118,-48.703161,0
21_3_6,-10.51713014,-2.813991874,-49.46949211,0
21_4_1,-16.88011982,-3.934460967,8.93925954,0
21_4_2,-16.78967662,-3.94021936,8.729792207,0
21_4_3,-16.90824038,-3.94415806,9.010496188,0
21_4_4,-16.81477286,-3.920444329,8.885026742,0
21_4_5,-16.87671395,-3.969503899,8.729297449,0
21_4_6,-17.14873095,-4.065136444,8.859114149,0
21_5_1,-15.13279329,16.24868982,-36.14368912,0
21_5_2,-30.02320794,-13.33755804,-32.06864073,0
21_5_3,20.14207103,32.61700547,-9.381645613,0
21_5_4,18.94129721,32.00814581,-13.14755204,0
21_5_5,-30.16289531,-13.44105445,-31.97414934,0
21_5_6,-4.920412495,26.23433008,-31.02298327,0
21_6_1,-32.27706058,-21.33379129,-5.155705988,0.289947175
21_6_2,-32.08925462,-21.44679697,-5.20724901,0.658604123
21_6_3,-32.31593916,-21.39881508,-5.053107312,0
21_6_4,-32.21838192,-21.32624616,-5.131881008,0.192386482
21_6_5,-32.12155628,-21.51493782,-5.279706432,0
21_6_6,-32.26768502,-21.62324467,-5.509859347,0
21_7_1,-24.47459797,-12.93049007,2.063523038,0.33692134
21_7_2,-24.34120032,-12.93299313,1.924889229,1.294809405
21_7_3,-24.54286238,-12.95860983,2.107313221,0
21_7_4,-24.41000882,-12.90705739,2.053527671,0.854964059
21_7_5,-24.41568404,-12.98101618,1.87957855,0
21_7_6,-24.62301876,-13.11280104,1.805791607,0
21_8_1,-20.28493019,-7.505352328,6.864381637,0
21_8_2,-20.17699728,-7.500355685,6.689531378,0
21_8_3,-20.35104785,-7.527132292,6.926266555,0
21_8_4,-20.21807573,-7.486025461,6.83009744,0
21_8_5,-20.26932916,-7.535331521,6.669581599,0
21_8_6,-20.5143553,-7.64351326,6.694787588,0
21_9_1,-42.62779093,-45.09064811,-18.09476616,0.453259001
21_9_2,-42.50490467,-45.23302941,-17.86727121,0
21_9_3,-42.53412383,-45.35579745,-17.73440044,0
21_9_4,-42.58011764,-45.18170249,-17.86519106,0
21_9_5,-42.71071286,-45.06539185,-17.86168116,0
21_9_6,-40.81623042,-48.76703609,7.267966447,0
22_1_1,-16.79413158,-13.11617993,-29.75383836,1.202831676
22_1_2,-16.66705075,-13.15772642,-29.66793813,0.69248668
22_1_4,-16.73824228,-13.0421314,-29.7304037,1.085048739
22_1_5,-16.63583696,-13.16124585,-29.71096087,0
22_1_6,-16.6366077,-13.35124865,-30.00645833,0
22_10_1,10.88303526,19.97784569,32.37908678,0
22_10_2,11.2322508,20.15033953,32.02794971,0
22_10_3,12.02429776,20.56505613,31.65721033,0
22_10_4,10.61619477,20.08826167,32.29297343,0.38889774
22_10_5,11.8415654,20.37685778,31.7522261,0
22_10_6,11.93923445,20.32289819,31.9855766,0
22_11_1,-19.60964425,4.554281565,-23.96890298,0
22_11_2,-2.631327751,19.02529187,-20.858149,0
22_11_3,-23.14447812,1.464534585,-21.57209102,0
22_11_4,-19.45277391,4.619187664,-23.98712447,0
22_11_5,-19.07173239,4.869272177,-24.23332279,0
22_11_6,-2.03850715,19.79061882,-20.56246873,0
22_2_1,-11.93138627,6.757498962,-4.561385605,0
22_2_3,-11.92098293,6.778347016,-4.491564364,0
22_2_4,-11.87227437,6.707565763,-4.554059903,0
22_2_5,-11.98862988,6.527270123,-4.67611316,0
22_2_6,-12.30266128,6.626895291,-4.849462892,0
22_3_1,1.733402109,10.08875614,-41.74824008,0.053340774
22_3_2,3.027017942,11.20372486,-41.11062278,0.133228549
22_3_3,2.616102831,10.91735863,-41.43225392,0
22_3_4,2.863380584,11.11263528,-41.21549481,0.054527782
22_3_5,3.272612027,11.43941328,-41.06633842,0
22_3_6,3.657796813,11.75772001,-41.08047147,0
22_4_1,-14.70457651,2.876999713,-4.776889019,0
22_4_2,-14.42499684,2.869652257,-4.921508942,0
22_4_3,-14.81121833,2.876782531,-4.724597993,0
22_4_4,-14.5897096,2.880851955,-4.77996476,0.939127388
22_4_5,-14.5252806,2.858477899,-4.987053734,0
22_4_6,-14.91279347,2.787801157,-5.114206221,0
22_5_1,-11.64318598,-3.357118351,-35.19259539,0
22_5_2,-11.5041727,-3.30191701,-35.13170433,0
22_5_3,-11.73827946,-3.106056835,-35.18942618,0
22_5_4,-11.67040151,-3.146887843,-35.08673655,0
22_5_5,-11.54356592,-3.168121042,-35.18190997,0
22_5_6,-11.5921895,-3.907821555,-35.52283573,0
22_6_1,-25.25660777,-12.73371508,-14.1421959,0
22_6_2,-25.06479085,-12.88348805,-14.14523547,0
22_6_3,-25.3390148,-12.80639495,-14.11592101,0
22_6_4,-25.19428893,-12.74698988,-14.09931232,0
22_6_5,-25.11018629,-12.97539189,-14.21053359,0
22_6_6,-25.23191075,-13.19051614,-14.39716946,0
22_7_1,-21.514694,-7.566831242,-9.940720063,0.283670357
22_7_2,-21.31096037,-7.585154576,-10.01888166,0
22_7_3,-21.62297327,-7.604197256,-9.909488723,0
22_7_4,-21.43512861,-7.547327804,-9.933280531,0.308875341
22_7_5,-21.39144927,-7.652124646,-10.06367455,0
22_7_6,-21.61223595,-7.803419641,-10.16489476,0.673003155
22_8_1,-19.15142512,-1.948769832,-7.086954859,0
22_8_2,-18.90662533,-1.951839031,-7.221488113,0
22_8_3,-19.28617368,-1.96861979,-7.047817921,0
22_8_4,-19.05174727,-1.931090494,-7.096540437,0
22_8_5,-19.01063831,-1.989288611,-7.270270882,0
22_8_6,-19.27879118,-2.081789341,-7.360651932,0
22_9_1,-28.3695217,-19.98116239,-13.14643817,0.424806124
22_9_2,-28.39274273,-19.66066185,-13.17303378,0
22_9_3,-28.33563458,-20.35337266,-12.96578559,0
22_9_4,-28.31843773,-19.98761594,-13.08330675,0
22_9_5,-28.48868337,-19.5992036,-13.25181449,0
22_9_6,-28.58336927,-19.70283858,-13.51604578,0
23_1_1,9.192078311,165.2727188,-78.31892263,1.483720182
23_1_2,-61.65102048,103.9379323,-138.4326644,1.046149886
23_1_4,-45.57261237,88.88964128,-154.3630902,1.588915328
23_1_5,-68.27533517,143.0113655,-92.42757703,0
23_1_6,83.72350071,158.7721502,34.05510152,0
23_10_1,6.95600055,118.9443453,111.327106,0
23_10_2,-39.15341653,152.800586,-42.46969786,0
23_10_3,-2.045783343,156.4760625,-46.01363209,0
23_10_4,147.1799897,62.04056167,35.71457395,0
23_10_5,52.30536787,115.3170824,102.4399617,0
23_10_6,58.79555299,116.6905745,97.26202298,0
23_11_1,-54.55064445,168.2272325,38.76331811,0
23_11_2,6.719339139,115.5809024,-139.676524,0
23_11_3,-178.4516228,-3.2808776,37.07324929,0
23_11_4,24.64463584,178.9901748,5.316296545,0
23_11_5,-9.000166314,178.4413254,28.13688559,0
23_11_6,-15.49392188,178.176057,27.476308,0
23_2_1,95.3147109,84.93879385,98.36175643,0
23_2_3,94.29143804,94.43992561,90.19551239,0
23_2_4,50.63108055,150.3763408,-28.20683814,0
23_2_5,-30.31743057,122.0950951,101.1413534,0
23_2_6,49.73096631,148.5964613,-38.31752606,0
23_3_1,89.06491771,133.5916505,77.96034184,0.011845895
23_3_2,-17.02295828,152.8710012,-91.54512415,0.046220894
23_3_3,-4.717956132,169.2914355,-57.56583382,0
23_3_4,133.7864229,110.9058251,41.55668498,0.021324203
23_3_5,-36.54868808,143.744382,-100.434011,0
23_3_6,95.81708539,112.7542682,99.95587983,0
23_4_1,68.07514178,126.308502,47.31593876,0
23_4_2,-35.00841393,99.18090147,109.7919908,0
23_4_3,-10.77067707,34.68010629,-149.0563477,0
23_4_4,57.47835876,131.2800719,47.64743401,0
23_4_5,53.21225397,127.1154872,61.92605027,0
23_4_6,20.53390754,120.9292245,88.65323697,0
23_5_1,54.26595846,152.4005443,50.78540007,0
23_5_2,23.45993688,167.9277483,1.18405446,0
23_5_3,137.591293,86.08988053,50.73869255,0
23_5_4,100.4903405,128.7744661,45.77057814,0
23_5_5,70.35144808,150.9064934,31.80920343,0
23_5_6,104.6302563,133.8570211,2.480360744,0
23_6_1,8.923118563,153.6519824,58.46617214,0.065216063
23_6_2,-13.24325935,137.9225268,89.35613857,0
23_6_3,-25.14169597,138.4649019,86.1292592,0
23_6_4,-68.63509849,150.3711996,-3.421530898,0
23_6_5,-22.85131605,140.5145107,83.30361679,0
23_6_6,29.49440309,111.6724551,117.5241481,0
23_7_1,-19.22161544,139.1150811,43.61664854,0.160896492
23_7_2,-17.58636728,143.5880326,26.03368247,0
23_7_3,-4.990794783,144.7151605,24.60449954,0
23_7_4,-30.14496195,134.1441144,52.67230809,0
23_7_5,-4.68656687,146.6588643,7.031180326,0
23_7_6,-17.34576464,142.1709408,33.31804823,0
23_8_1,62.84235387,113.5696516,78.76320552,0
23_8_2,-6.735585093,151.7916516,-7.487500373,0
23_8_3,26.57889844,132.0504852,70.15365014,0
23_8_4,12.87025699,151.3702746,-3.140157832,0
23_8_5,21.77056302,129.3657416,76.57258901,0
23_8_6,-35.35894793,146.5120641,22.43718712,0
23_9_1,80.64473804,66.47163841,143.4835256,0
23_9_2,156.4637919,25.99276656,80.82503242,0
23_9_3,43.16684946,87.97498214,147.9039262,0
23_9_4,173.8157893,9.85858477,-41.78151632,0
23_9_5,99.00660924,141.3894834,-42.27282077,0
23_9_6,23.4228303,113.0819705,-135.7302654,0
24_1_1,-20.78014049,-2.957406193,-25.43278891,1.555161079
24_1_2,-20.64139967,-3.130494438,-25.35519032,1.018120793
24_1_4,-20.68290772,-2.921109242,-25.4106237,0
24_1_5,-20.82838631,-3.393362951,-25.29771852,0
24_1_6,-20.97033547,-3.426833688,-25.49045552,0
24_10_1,12.38895948,27.363109,32.89885373,0
24_10_2,12.34515717,27.172223,33.00250674,0
24_10_3,12.40125965,27.37247849,32.93784815,0
24_10_4,12.49370204,27.29371633,32.87619451,0
24_10_5,12.32763778,27.13868681,33.08262254,0
24_10_6,12.2285582,27.22565977,33.32352446,0
24_11_1,-0.338390313,28.15766528,-0.917518903,0.430188717
24_11_2,-0.505113029,28.0184179,-1.144776621,0
24_11_3,-0.349083161,28.25982827,-0.764852989,0
24_11_4,-0.391641057,28.0850297,-0.955496901,0
24_11_5,-0.564663022,28.11445057,-1.007382338,0
24_11_6,-0.426471265,28.34392085,-1.226359501,0
24_2_1,-5.511573678,16.23454065,9.722379628,0
24_2_3,-5.503749859,16.22019802,9.760878833,0
24_2_4,-5.523818168,16.16621114,9.672727284,0.521710206
24_2_5,-5.65774749,16.1615476,9.59835953,0
24_2_6,-5.588684995,16.47967273,9.811471634,0
24_3_1,9.93495596,29.12413167,-27.49946145,0.009476602
24_3_2,9.642695704,28.84251207,-27.81237656,0.041476192
24_3_3,9.965189288,29.22058718,-27.51436805,0
24_3_4,9.935389168,29.08641052,-27.45580907,0.007107385
24_3_5,9.75979487,28.97771394,-27.7446495,0
24_3_6,10.20961111,29.31924329,-27.3101113,0
24_4_1,-7.641298838,12.01501381,11.46400595,0
24_4_2,-7.788382727,11.83950314,11.3144621,0
24_4_3,-7.630662062,12.05844047,11.54668629,0
24_4_4,-7.661910223,11.94263262,11.40773846,0
24_4_5,-7.840006004,11.90295062,11.34568,0
24_4_6,-7.748279227,12.24355928,11.52722305,0
24_5_1,-6.941204807,20.10087966,-18.58025745,0
24_5_2,-7.873155209,19.08722257,-19.26119853,0
24_5_3,-7.697186791,19.6158485,-19.09329708,0
24_5_4,-7.371730213,19.66087763,-18.85628965,0
24_5_5,-7.22092194,19.77492855,-18.82497375,0
24_5_6,-7.769515632,19.46436761,-19.38358585,0
24_6_1,-22.68273473,5.160608068,4.360760926,0
24_6_2,-22.31555206,5.476934623,4.693476615,0
24_6_3,-22.78331203,5.183870183,4.411803254,0
24_6_4,-22.41074818,5.438777996,4.652947186,0
24_6_5,-22.75316958,5.025269577,4.207521568,0
24_6_6,-22.74224563,5.428639334,4.624530159,0
24_7_1,-15.83829632,8.419318564,8.132135371,0.36794358
24_7_2,-15.57575548,8.487742903,8.116522063,0
24_7_3,-15.93993525,8.461130111,8.202394861,0
24_7_4,-15.72511106,8.426644841,8.126115109,0.800913909
24_7_5,-15.60212666,8.614527851,8.188351452,0
24_7_6,-15.80296721,8.76485724,8.271121441,0
24_8_1,-11.86703877,9.47371858,11.69495986,0
24_8_2,-12.00905562,9.205696269,11.58204574,0
24_8_3,-11.89610778,9.557271876,11.77398584,0
24_8_4,-11.84481668,9.408807097,11.65166014,0
24_8_5,-12.11979447,9.232693891,11.61511514,0
24_8_6,-12.33191364,9.376877816,11.73041925,0
24_9_1,-11.76900237,17.3205871,24.58640648,0
24_9_2,-11.93034299,17.26926045,24.45924399,0
24_9_3,-11.69307601,17.29475629,24.73775781,0
24_9_4,-11.73574965,17.19688108,24.64501653,0
24_9_5,-12.12254577,17.23393139,24.47809031,0
24_9_6,-12.21489854,17.19040626,24.86503882,0
25_1_1,-9.948330644,-19.56802443,-21.77049794,0
25_1_2,-9.791902007,-19.46294378,-21.78848566,0
25_1_4,-9.90947626,-19.50435988,-21.73881657,0
25_1_5,-9.789543326,-19.49464231,-21.81239324,0
25_1_6,-9.896038466,-19.80285197,-22.0056498,0
25_10_1,17.1633939,1.770517151,38.14297285,0
25_10_2,13.36470568,-7.312391479,39.40346404,0
25_10_3,21.41161633,10.67340252,33.71717618,0
25_10_4,18.50671477,4.965933794,36.97331254,0
25_10_5,22.19877814,12.0549266,32.50276277,0
25_10_6,22.20924154,11.98280272,32.76394988,0
25_11_1,15.25290224,10.52917366,-18.44297361,0
25_11_2,-8.864517915,-23.66392868,-21.29542304,0
25_11_3,2.027131936,-5.614278097,-29.07124352,0
25_11_4,-9.024208943,-23.742584,-21.17500826,0
25_11_5,6.035976532,0.200696861,-27.01041528,0
25_11_6,-8.972779681,-24.09675737,-21.45525024,0
25_2_1,11.99281027,11.96259043,9.177393189,0.257473302
25_2_3,11.962117,11.93647238,9.236921222,0
25_2_4,11.85688268,11.83198056,9.279921199,0
25_2_5,11.78872198,11.76489157,9.396778158,0
25_2_6,12.13832329,13.62590065,5.394604164,0
25_3_1,8.901425183,0.436054266,-38.28604955,0
25_3_2,8.803091051,0.242913256,-38.29312727,0
25_3_3,9.189236646,0.8952029,-38.20059041,0
25_3_4,8.752446429,0.221066184,-38.31066392,0
25_3_5,9.248192541,0.971992899,-38.12653814,0
25_3_6,8.683916316,-0.187034333,-38.70517396,0
25_4_1,7.765920653,9.36426389,15.33232473,0
25_4_2,8.308884448,10.08074749,14.28407306,0
25_4_3,8.538090438,10.35974235,14.39229235,0
25_4_4,-17.3173835,-14.27535317,-5.94358833,0
25_4_5,-16.97052438,-17.21096914,1.233491639,0
25_4_6,8.401507536,10.14774514,14.76122567,0
25_5_1,0.409337527,-15.23121475,-33.21588629,0
25_5_2,0.552326141,-15.05190614,-33.18243129,0
25_5_3,0.397783913,-15.27936362,-33.26876181,0
25_5_4,0.424957669,-15.19215192,-33.1609575,0
25_5_5,0.571642492,-15.073797,-33.27034909,0
25_5_6,0.49148238,-15.42999712,-33.49078773,0
25_6_1,-12.36167952,-17.41439895,-5.215619427,0
25_6_2,-12.21551732,-17.24280754,-5.471387107,0
25_6_3,-12.45651226,-17.56983909,-5.143730953,0
25_6_4,-12.3049508,-17.31635314,-5.231263595,0
25_6_5,-12.28744885,-17.40405161,-5.562187467,0
25_6_6,-12.41555661,-17.77450038,-5.737077307,0
25_7_1,-10.18840371,-14.70544661,-2.15759024,0.236447428
25_7_2,-10.01341684,-14.35302577,-2.727059171,0
25_7_3,-10.30631119,-14.91371077,-1.902309663,0
25_7_4,-10.10494965,-14.57725,-2.270006415,0
25_7_5,-10.13989816,-14.47393211,-2.773666541,0
25_7_6,-10.39925229,-14.81789801,-2.770791426,0
25_8_1,-10.5949415,-14.82486164,9.984110411,0
25_8_2,-10.96946082,-14.96080355,8.975231431,0
25_8_3,-6.31392217,-10.16682303,15.72029935,0
25_8_4,-5.880175801,-9.56557439,15.74129538,0
25_8_5,-11.15286715,-15.1297341,8.839624822,0
25_8_6,-11.22115997,-15.37036685,9.105248837,0
25_9_1,-7.264757632,-11.58424993,28.85471943,0
25_9_2,-6.536258271,-10.70687059,29.22990448,0
25_9_3,-17.09228251,-21.2240713,17.14185068,0
25_9_4,-6.697876564,-10.90396692,29.17733505,0
25_9_5,-6.474354063,-10.720093,29.38660797,0
25_9_6,-6.382971358,-10.77414309,29.60967007,0
26_1_1,-13.01267065,-4.996118345,-29.86101468,0
26_1_2,-12.92743498,-5.052063171,-29.65551157,0
26_1_4,-12.97060404,-4.914800012,-29.77113124,0
26_1_5,-12.97943818,-5.294529648,-29.69912272,0
26_1_6,-13.05450789,-5.625496817,-30.00130104,0
26_10_1,19.49644789,27.34872848,30.96240094,0
26_10_2,11.21792609,30.11516078,31.44846444,0
26_10_3,19.54296658,27.32312039,31.0009515,0
26_10_4,12.28356171,30.35358043,30.89041275,0
26_10_5,19.48092405,27.21294886,31.03601037,0
26_10_6,19.49576052,27.517068,31.03776095,0
26_11_1,6.656340805,18.88037883,-5.634924656,0
26_11_2,6.573907809,18.71161942,-5.619163832,0
26_11_3,6.754882975,18.97651078,-5.572332422,0
26_11_4,6.592047382,18.80350102,-5.636656287,0
26_11_5,6.720197831,18.805368,-5.571398471,0
26_11_6,6.97778167,19.04987269,-5.625593276,0
26_2_1,1.311782945,10.29854944,4.109028374,0
26_2_3,1.30663993,10.28217966,4.148151925,0
26_2_4,1.276274856,10.21670238,4.048013542,0
26_2_5,1.240546346,10.21210471,3.909955824,0
26_2_6,1.445350891,10.56534731,4.166741752,0
26_3_1,9.756495662,18.70883664,-30.92236594,0
26_3_2,9.529914027,18.42241745,-31.09371755,0.00118455
26_3_3,9.737922835,18.73321494,-31.02602604,0
26_3_4,9.881480763,18.80551362,-30.72431237,0
26_3_5,9.505228816,18.43253363,-31.21742773,0
26_3_6,9.932632439,18.82431956,-30.97467278,0
26_4_1,-1.348404748,6.039309187,4.673586047,0
26_4_2,-1.406163507,5.865742632,4.45680697,0
26_4_3,-1.341320591,6.088560252,4.761620479,0
26_4_4,-1.366995648,5.960497553,4.610337702,0
26_4_5,-1.400608379,5.954777067,4.476486041,0
26_4_6,-1.262503082,6.269171829,4.691929963,0
26_5_1,-4.597339516,12.70248694,-25.23478976,0
26_5_2,-4.67056384,12.4052278,-25.22521492,0
26_5_3,-4.859711374,12.54541479,-25.42481783,0
26_5_4,-4.809388131,12.41047889,-25.31173849,0
26_5_5,-4.644082518,12.50537846,-25.29057726,0
26_5_6,-5.009498971,12.26516486,-25.70937732,0
26_6_1,-16.0783466,-1.593403782,-2.903885194,0
26_6_2,-15.83508125,-1.70463945,-2.998234927,0
26_6_3,-16.35047131,-1.696295411,-2.613476248,0
26_6_4,-15.96310441,-1.595455098,-2.860083155,0
26_6_5,-16.04575334,-1.808978993,-3.057096017,0
26_6_6,-16.33424526,-1.862783589,-3.421721811,0
26_7_1,-6.072395068,3.911365109,1.14538301,0.132029087
26_7_2,-6.072529731,3.674034789,0.937546656,0
26_7_3,-6.146381187,3.988470887,1.228140355,0
26_7_4,-6.037392612,3.836717536,1.103695825,0
26_7_5,-6.178816634,3.718185702,0.928521916,0
26_7_6,-6.342627571,3.868568535,0.897236382,0
26_8_1,-3.682296978,4.557289487,3.350880524,0
26_8_2,-3.696775574,4.393641337,3.114612145,0
26_8_3,-3.710638005,4.637407434,3.441777119,0
26_8_4,-3.674209538,4.48282017,3.289591707,0
26_8_5,-3.73747843,4.476469101,3.121750931,0
26_8_6,-3.76025043,4.74495712,3.18918307,0
26_9_1,-8.229747198,0.515480128,23.64086424,0
26_9_2,-10.24340075,-1.702186322,22.99853362,0
26_9_3,-10.37663934,-1.839131746,23.16641897,0
26_9_4,-10.56500828,-1.927090479,22.88485258,0
26_9_5,-8.638064117,-0.078505804,23.58654987,0
26_9_6,-8.997765557,-0.580139113,23.87532365,0
27_1_1,-77.72425112,36.14890689,-27.76811,1.166169293
27_1_4,-77.14514946,18.13794538,-44.02153125,0
27_1_5,-77.78139596,22.68598736,-40.05422681,0
27_1_6,-88.11871927,11.11573544,-18.39304383,0
27_10_1,-38.59319325,52.60830923,47.03844867,0
27_10_2,-38.48545657,52.53119971,47.13267279,0
27_10_3,-38.22697105,52.20940679,47.79278807,0
27_10_4,-40.2173989,53.91484526,44.0892875,0
27_10_5,-39.50538637,53.70504143,44.91854193,0
27_10_6,-38.40082419,52.39504393,47.56839088,0
27_11_1,-50.45629822,55.60556746,10.7080751,0
27_11_2,-55.69085982,51.90892798,0.045362263,0
27_11_3,-56.85843229,50.80189025,-1.84165046,0
27_11_4,-56.44237442,51.17400117,-1.158414704,0
27_11_5,-55.16562805,52.29391024,3.580832755,0
27_11_6,-50.42941274,55.7365933,10.59961613,0
27_2_1,-47.53701932,44.62743336,16.63912022,0
27_2_3,-47.8946108,44.46138203,16.11703642,0
27_2_4,-46.37094059,44.9124148,18.73726203,0
27_2_5,-48.83809805,43.94225962,14.63282568,0
27_2_6,-48.11145821,44.48948103,15.73010288,0
27_3_1,-64.225872,38.16746486,-57.10257073,0.002369103
27_3_2,-68.1487512,47.34663814,-43.51581217,0.009476602
27_3_3,-67.14449906,51.99769247,-39.29733157,0
27_3_4,-67.69891322,50.2728705,-40.60437973,0
27_3_5,-18.16694244,62.21034705,63.42303044,0
27_3_6,-67.76038887,49.20109951,-42.17280902,0
27_4_1,-46.14283768,40.53614318,22.49589359,0
27_4_2,-46.00373462,40.43486206,22.7801929,0
27_4_3,-46.44834132,40.53232039,21.97783555,0
27_4_4,-46.24765492,40.49649479,22.26458727,0
27_4_5,-46.72378432,40.40962221,21.48551011,0
27_4_6,-45.94786556,40.58345911,23.04124301,0
27_5_1,-67.92675133,43.93081986,-28.24137776,0
27_5_2,-66.10903518,48.78402119,-23.53533019,0
27_5_3,-67.90519998,44.06451845,-28.12760084,0
27_5_4,-68.1627564,43.18857542,-28.82522306,0
27_5_5,-68.01805653,43.67775412,-28.38214502,0
27_5_6,-67.6234133,45.38656719,-26.70579038,0
27_6_1,-61.79864978,42.93404714,6.15064676,0
27_6_2,-60.92616893,43.65131645,8.305803369,0
27_6_3,-62.46793791,42.31742304,4.591129594,0
27_6_4,-62.19238335,42.4886202,5.080934842,0
27_6_5,-58.08147855,44.71057659,17.79338675,0
27_6_6,-61.50734289,43.3015271,7.155817132,0
27_7_1,-51.48400026,39.40856621,15.83431671,0
27_7_2,-51.95945462,39.23446555,14.49895055,0
27_7_3,-51.85298579,39.43019737,14.86608049,0
27_7_4,-51.81595236,39.33077823,14.84862573,0
27_7_5,-52.31836175,39.17332222,13.71053029,0
27_7_6,-51.83814222,39.35777372,15.19641523,0
27_8_1,-49.58703591,41.4143925,24.74985395,0
27_8_2,-51.06906944,40.98617912,22.34625214,0
27_8_3,-50.61679422,41.20071226,23.25422012,0
27_8_4,-52.09697152,40.77441831,20.44144237,0
27_8_5,-49.97708571,41.31092853,24.22977783,0
27_8_6,-49.88596115,41.39802068,24.49322657,0
27_9_1,-70.5553445,39.68268845,16.92135512,0
27_9_2,-54.55452917,42.23849239,44.10124718,0
27_9_3,-57.85486462,42.64806855,39.62432274,0
27_9_4,-71.70556279,39.16673683,12.91816048,0
27_9_5,-73.40009856,37.74756681,6.451417964,0
27_9_6,-54.5833779,41.92228816,44.62729003,0
28_1_1,-16.20858366,-1.759747465,-48.72857015,0
28_1_4,-16.12565324,-1.994171912,-48.72123883,0
28_1_5,-15.99796812,-1.946986254,-48.73797914,0
28_1_6,16.73668404,35.19380076,-25.25724776,0
28_10_1,23.63726635,34.32914271,24.42814806,0
28_10_2,24.44239787,33.39470372,25.01533716,0
28_10_3,24.35620123,33.54889695,25.06069591,0
28_10_4,24.46510333,33.37429647,25.10593684,0
28_10_5,19.30555793,39.82142005,17.42076803,0
28_10_6,19.64494897,39.76106665,17.7329669,0
28_11_1,16.69416489,37.89775109,-7.654422458,0
28_11_2,-3.836809902,32.47928794,-27.60827597,0
28_11_3,16.84473398,37.95608566,-7.5281195,0
28_11_4,16.5474353,37.88397417,-7.781631806,0
28_11_5,9.723620512,38.41655572,-13.76040111,0
28_11_6,11.60744484,38.66694242,-12.02322399,0
28_2_1,12.20795143,28.9320479,4.947338838,0.33692134
28_2_3,-5.403527092,28.00732232,-11.93268951,0
28_2_4,-8.383796233,26.41165237,-13.60325218,0
28_2_5,13.49981551,28.94941605,2.149208966,0
28_2_6,13.7657645,29.11616683,2.236240566,0
28_3_1,1.050665804,20.8788775,-45.38444273,0.00118455
28_3_2,2.142701883,22.09212846,-44.49499953,0.003553661
28_3_3,0.969278475,20.80028731,-45.51884919,0
28_3_4,1.692296769,21.65137125,-44.83587643,0.015400018
28_3_5,1.992666344,21.97916263,-44.67741983,0
28_3_6,2.497629947,22.51356137,-44.44208767,0
28_4_1,8.997024046,26.04690067,2.754443088,0
28_4_2,8.999973523,25.85389396,2.961426134,0
28_4_3,9.16291963,26.01283919,3.136896099,0
28_4_4,9.073446828,25.92555061,3.004947939,0
28_4_5,-4.657546596,25.31007806,-5.880354208,0
28_4_6,9.453696395,26.06984741,3.079621742,0
28_5_1,-11.99963732,12.66232545,-44.77597777,0
28_5_2,-11.97610159,12.74242857,-44.63770127,0
28_5_3,-12.01153183,13.04029358,-44.67973068,0
28_5_4,-11.97027529,12.62456473,-44.7438822,0
28_5_5,-12.02687959,12.74498015,-44.72646771,0
28_5_6,-12.01384975,12.14586853,-45.15218788,0
28_6_1,-27.20221302,12.68278717,-26.4045833,0.334356889
28_6_2,-26.96983503,12.84231986,-26.430306,0
28_6_3,12.77455329,35.49071006,0.500322538,0
28_6_4,8.195019936,36.27450176,-3.461926746,0
28_6_5,-27.08100428,12.70225429,-26.58673215,0
28_6_6,-27.16210102,12.60259884,-26.89172486,0
28_7_1,-17.65486976,15.1779501,-15.13014418,0.419440305
28_7_2,6.191434262,26.27357662,-0.402269338,0
28_7_3,-17.79914634,15.16662674,-15.18748122,0
28_7_4,-17.54081057,15.21222877,-15.062792,0
28_7_5,-17.72445256,14.96155954,-15.24504147,0
28_7_6,6.514546977,26.56444268,-0.426081166,0
28_8_1,-11.87419864,17.98809205,-10.25919254,0
28_8_2,4.694879434,23.38967115,3.261792694,0
28_8_3,4.874438291,23.80552439,1.839821395,0
28_8_4,4.793005172,23.65181986,1.793769639,0
28_8_5,-11.24167309,18.43370037,-9.814139431,0
28_8_6,-11.73108411,18.34343744,-10.13797927,0
28_9_1,-31.22977101,-2.335577176,-38.42700487,0
28_9_2,24.02437071,37.30359641,8.695392108,0
28_9_3,23.44294787,37.80312064,8.457425242,0
28_9_4,-31.54580685,5.618809323,-36.41611425,0
28_9_5,-30.80825832,-4.762334044,-38.85841752,0
28_9_6,-31.62941991,-0.54544688,-38.03681912,0
29_1_1,-6.247470652,-18.186232,-21.34169315,0
29_1_4,-6.233219978,-18.13056984,-21.28889576,0
29_1_5,-6.176029435,-18.12542632,-21.24321673,0
29_1_6,-6.23477358,-18.44144843,-21.46606482,0
29_10_1,14.45354555,7.149105186,28.39864807,0
29_10_2,14.31331098,6.996155659,28.40967557,0
29_10_3,14.47112603,7.136179794,28.48049546,0
29_10_4,14.4084886,7.121452793,28.3668594,0
29_10_5,14.29865189,6.924734181,28.52460278,0
29_10_6,14.36563258,6.856794627,28.75256346,0
29_11_1,9.794682329,7.309616278,-13.07383557,0
29_11_2,9.343304697,6.894162765,-13.44017765,0
29_11_3,10.0172437,7.508666018,-12.91379225,0
29_11_4,9.618755836,7.155625999,-13.17141587,0
29_11_5,9.45224304,6.995553726,-13.41820978,0
29_11_6,9.823410955,7.300002029,-13.48466643,0
29_2_1,0.052326724,-2.071913398,1.876963954,0.30002355
29_2_3,0.053762101,-2.081682952,1.933204353,0
29_2_4,0.030203351,-2.11792296,1.806305237,0
29_2_5,-0.009956235,-2.134377336,1.62116976,0
29_2_6,0.092797786,-1.892558671,1.73739368,0
29_3_1,8.150252421,1.07521069,-32.66787657,0.02369416
29_3_2,8.032176201,0.882547002,-32.64500553,0.118852236
29_3_3,8.190766534,1.118999162,-32.73604253,0
29_3_4,8.131570833,1.063823279,-32.61241977,0.049780385
29_3_5,8.259632107,1.137689617,-32.60667241,0
29_3_6,8.293825857,0.982013883,-32.88510515,0
29_4_1,-1.622225621,-4.535067408,2.980542092,0
29_4_2,-1.622953036,-4.571507872,2.745584042,0
29_4_3,-1.63425117,-4.548170204,3.086350424,0
29_4_4,-1.611826729,-4.538846849,2.904164864,0
29_4_5,-1.658923972,-4.593364951,2.789417798,0
29_4_6,-1.731956883,-4.670799284,3.102847143,0
29_5_1,-0.62530922,-8.805253274,-23.7973853,0
29_5_2,-0.675831893,-8.938882903,-23.65898056,0
29_5_3,-0.614142229,-8.803753543,-23.88670342,0
29_5_4,-0.627363449,-8.789700967,-23.71778623,0
29_5_5,-0.702603539,-9.028529454,-23.75383911,0
29_5_6,-0.724629395,-9.24656765,-24.0594015,0
29_6_1,-8.255439362,-17.83194346,-5.179650918,0.106898753
29_6_2,-8.147810555,-17.62759892,-5.346803594,0.581599471
29_6_3,-8.31356878,-17.944771,-5.108333159,0
29_6_4,-8.206844575,-17.73178541,-5.192469193,0
29_6_5,-8.201293425,-17.73314205,-5.394539939,0
29_6_6,-8.356622773,-18.11113027,-5.490580041,0
29_7_1,-5.11425471,-10.98352957,-1.60997003,0
29_7_2,-5.00444396,-10.86936999,-1.749433769,1.328165534
29_7_3,-5.180941443,-11.06157281,-1.549453496,0
29_7_4,-5.059154186,-10.92177752,-1.62982725,0.704009231
29_7_5,-5.074528288,-10.9432454,-1.778304813,0
29_7_6,-5.266487781,-11.19056432,-1.80381113,0
29_8_1,-2.79952362,-6.644231288,1.890184716,0
29_8_2,-2.741227357,-6.603242097,1.684487296,0
29_8_3,-2.853202067,-6.698621824,1.984711322,0
29_8_4,-2.761046323,-6.611567655,1.832779346,0
29_8_5,-2.804243202,-6.653183504,1.697746115,0
29_8_6,-2.959868656,-6.806205609,1.794054097,0
29_9_1,-12.12364864,-28.3957658,0.246787496,0
29_9_2,-12.08541547,-28.36977003,-0.03720108,0
29_9_3,-12.14976582,-28.46157782,0.309745304,0
29_9_4,-12.10202839,-28.33951806,0.233073109,0
29_9_5,-12.11636163,-28.46428576,-0.131676727,0
29_9_6,-12.19974957,-28.75890442,-0.39226171,0
3_1_1,6.400665662,-21.4671143,-22.46811062,1.53659549
3_1_2,6.336480127,-21.55470973,-22.30917789,1.067804876
3_1_5,6.322996667,-21.60861937,-22.3142556,0
3_1_6,6.363546497,-21.95543825,-22.55165288,0
3_10_1,35.4458756,7.011067119,25.88973532,0.0842448
3_10_2,35.48298171,7.156597848,25.63436409,0
3_10_3,35.48539545,7.05071137,25.90879345,0
3_10_4,35.44645341,7.071667189,25.78281952,0.176610512
3_10_5,35.38065655,6.841969095,25.99407235,0
3_10_6,35.71537066,7.302905882,25.64704516,0
3_11_1,26.86018369,3.913884205,-2.392128419,0.951809515
3_11_2,26.7006306,3.862028552,-2.607819522,0
3_11_3,26.96828754,3.959002111,-2.312256568,0
3_11_4,26.78101732,3.884124111,-2.443832738,0
3_11_5,26.7795504,3.909669335,-2.609002417,0
3_11_6,27.07830178,3.995544338,-2.511573076,0
3_2_1,15.3863248,-1.180619015,3.42332415,0.033176072
3_2_2,15.27521205,-1.258990278,3.223363965,0.349790382
3_2_4,15.30964145,-1.232027057,3.360505528,0.31014262
3_2_5,15.34681467,-1.206556043,3.259828273,0
3_2_6,15.72727893,-1.009816462,3.580553567,0
3_3_1,26.30266697,7.368518988,-19.94145079,0.22169442
3_3_2,26.05433058,7.130924773,-20.18390721,0.209452155
3_3_3,26.38660026,7.451738773,-19.8855383,0
3_3_4,26.22453114,7.308104464,-19.97295686,0.264931844
3_3_5,26.06792668,7.147030343,-20.24255843,0
3_3_6,26.21065797,7.181164084,-20.39443238,0
3_4_1,14.00997489,-4.7170225,6.02875507,0
3_4_2,13.90712124,-4.734331365,5.77416323,0
3_4_3,14.03668355,-4.727381115,6.136350739,0
3_4_4,13.9399143,-4.744691318,5.942926326,0
3_4_5,13.98643597,-4.686135036,5.826689599,0
3_4_6,14.30107317,-4.59964895,6.155399742,0
3_5_1,16.6512867,-6.602245585,-22.58793016,0
3_5_2,16.46403101,-6.930319894,-22.64355901,0
3_5_3,16.72527769,-6.556847561,-22.62836368,0
3_5_4,16.61598043,-6.583789641,-22.52246777,0
3_5_5,16.4468717,-7.077786893,-22.78084191,0
3_5_6,16.46019587,-7.533676274,-23.20522159,0
3_6_1,4.416173323,-20.92466032,-4.62580195,0
3_6_2,10.20725826,-16.14036547,9.346089585,0
3_6_3,4.073965855,-21.62388764,-3.535593817,0
3_6_4,4.504638051,-20.69521369,-4.743754587,0
3_6_5,4.385562881,-21.11593378,-4.52275742,0
3_6_6,4.256379958,-21.9396379,-4.353769004,0
3_7_1,11.97988746,-9.82854865,5.808442449,0
3_7_2,11.8306306,-9.842173224,5.526141248,0.390215087
3_7_3,12.0245179,-9.923067454,6.05857937,0
3_7_4,11.89535371,-9.812029809,5.658903884,0.345921363
3_7_5,12.01684635,-9.744423466,5.619169851,0
3_7_6,12.29809849,-9.959116542,6.293930449,0
3_8_1,12.29698499,-8.202076925,6.313128014,0
3_8_2,12.22742486,-8.158543156,6.016970567,0
3_8_3,12.33750806,-8.244260803,6.489288263,0
3_8_4,12.23260317,-8.20024893,6.192204034,0
3_8_5,12.31716434,-8.141622456,6.134228,0
3_8_6,12.56732293,-8.211097446,6.60409036,0
3_9_1,10.84942438,-12.27912492,8.305633279,0
3_9_2,10.73339,-12.32376908,8.117773717,0
3_9_3,10.88642556,-12.33568354,8.448160425,0
3_9_4,10.80462197,-12.25185306,8.20473969,0
3_9_5,10.74969956,-12.41839386,8.244654891,0
3_9_6,10.95227999,-12.55711144,8.620588221,0
4_1_1,6.574695597,-21.25930653,-18.91918004,1.555161079
4_1_2,6.557357742,-21.25529212,-18.80756158,0.986545039
4_1_5,6.545700833,-21.30849638,-18.80877634,0
4_1_6,6.556917527,-21.65383641,-19.01737637,0
4_10_1,31.11262166,2.75615484,23.97272191,0.045034585
4_10_2,31.09968607,2.723337184,23.87306443,0
4_10_3,31.21636995,2.913519769,23.88150874,0
4_10_4,31.15880789,2.871020076,23.8127909,0.259957222
4_10_5,31.11738966,2.66179653,23.95657251,0
4_10_6,31.17992623,2.564939116,24.20515321,0
4_11_1,23.06793234,1.111525424,-6.052886467,0.8665329
4_11_2,22.88588535,0.983706717,-6.266874771,0.479438423
4_11_3,23.17607943,1.184205818,-5.970815147,0
4_11_4,22.98419049,1.058828399,-6.100703192,0.749622551
4_11_5,22.96173133,1.041533732,-6.275628912,0
4_11_6,23.27909186,1.209917205,-6.19757153,0
4_2_1,14.79867556,-5.774205039,0.854502181,0.152458697
4_2_2,14.66355178,-5.875837503,0.659789505,0.326681719
4_2_4,14.7193959,-5.82212122,0.798540869,0.31014262
4_2_5,14.73129861,-5.834074097,0.684667961,0
4_2_6,15.13685525,-5.633077997,0.947763617,0
4_3_1,24.88389317,0.426116658,-25.80175252,0.031990625
4_3_2,24.64183158,0.138623134,-25.98056384,0.043848367
4_3_3,24.91348167,0.45401151,-25.85792103,0
4_3_4,24.81240733,0.367798017,-25.80630518,0
4_3_5,24.67706342,0.138776722,-26.05515625,0
4_3_6,25.03124193,0.299079749,-25.98961531,0
4_4_1,12.57706869,-9.811051217,1.195186972,0
4_4_2,12.47563994,-9.86103833,0.997347534,0
4_4_3,12.60209018,-9.814030909,1.276942053,0
4_4_4,12.51559802,-9.836911537,1.140783841,0
4_4_5,12.54021124,-9.828566255,1.010385485,0
4_4_6,12.8348385,-9.702159073,1.142657241,0
4_5_1,14.40261479,-10.13204465,-18.19031979,0
4_5_2,14.24962795,-10.28642971,-18.15489805,0
4_5_3,14.46155676,-10.11752924,-18.23476758,0
4_5_4,14.35927321,-10.12547284,-18.13243779,0
4_5_5,14.25537807,-10.36074668,-18.25207179,0
4_5_6,14.34796627,-10.56998514,-18.54969591,0
4_6_1,6.918509698,-16.46433007,-5.617291435,0.008291985
4_6_2,7.010431071,-16.28466294,-5.604646116,0.154867889
4_6_3,6.880211681,-16.59345925,-5.644961881,0
4_6_4,6.949627065,-16.36128221,-5.5635753,0
4_6_5,6.978557597,-16.42886608,-5.728516038,0
4_6_6,6.885789479,-16.84319024,-6.004250214,0
4_7_1,8.548489752,-12.51618051,-2.263609012,0.104510736
4_7_2,8.540957203,-12.51521723,-2.38349467,0.586088635
4_7_3,8.533099462,-12.56182395,-2.245875098,0
4_7_4,8.547085571,-12.49597383,-2.246459286,0.483612369
4_7_5,8.526366297,-12.56166432,-2.460600163,0
4_7_6,8.552253729,-12.63521523,-2.695356797,0
4_8_1,10.58354747,-12.09700173,1.076861604,0
4_8_2,10.53895267,-12.08987505,0.836388925,0
4_8_3,10.60512767,-12.1365,1.186740078,0
4_8_4,10.55366708,-12.08236254,1.003889755,0
4_8_5,10.56597366,-12.11912692,0.869133873,0
4_8_6,10.73018093,-12.17126554,0.988316502,0
4_9_1,10.97161118,-13.56972376,3.904911491,0
4_9_2,10.92194014,-13.5101739,3.646599214,0
4_9_3,10.97865846,-13.64973338,4.056388115,0
4_9_4,10.95169411,-13.50797638,3.787784586,0
4_9_5,10.92015939,-13.61639397,3.767329602,0
4_9_6,11.03536002,-13.85234238,4.204951684,0
5_1_1,-4.182169199,-28.75845506,-27.68539625,1.53659549
5_1_2,-4.069720791,-28.59711677,-27.74654025,1.097591986
5_1_5,-2.114847347,-26.2200101,-30.23878343,0
5_1_6,-4.008983231,-28.63809166,-28.09501034,0
5_10_1,28.37739725,11.01274149,32.76948828,0.329237108
5_10_2,27.36898792,9.136389995,34.22128763,0
5_10_3,28.44665894,11.1110266,32.74868836,0
5_10_4,27.02494603,8.436273088,34.76888041,0
5_10_5,27.83169397,9.98505841,33.60381531,0
5_10_6,28.65193161,11.42360067,32.51912573,0
5_11_1,23.77838572,13.61323707,-2.904657792,0
5_11_2,23.62406358,13.55853279,-3.174065746,0
5_11_3,23.86566607,13.66314534,-2.83478302,0
5_11_4,23.70239584,13.57983575,-2.971340674,0
5_11_5,23.69975046,13.61646293,-3.186554395,0
5_11_6,23.96612024,13.73608424,-3.114617187,0
5_2_1,14.86188256,5.533568212,13.47919644,0.257473302
5_2_2,14.4445118,4.884174459,13.98512054,0
5_2_4,14.40843865,4.816053005,14.13498606,0
5_2_5,14.54323572,5.009431547,13.93115356,0
5_2_6,14.94363192,5.404162928,13.8634334,0
5_3_1,18.91767742,-7.387169749,-45.84687533,0.003553661
5_3_2,18.3539153,-8.190591197,-45.95608354,0.00118455
5_3_3,38.44709617,18.74493266,-16.71042887,0
5_3_4,38.27864525,18.64259729,-16.96447634,0
5_3_5,19.84250521,-5.89698551,-45.41110782,0
5_3_6,37.70978539,18.28430057,-18.94265678,0
5_4_1,8.073503772,-6.499182073,22.228847,0
5_4_2,1.715488537,4.87267346,-11.00872161,0
5_4_3,8.065455925,-6.558329852,22.3121576,0
5_4_4,8.089823367,-6.401206838,22.13239767,0
5_4_5,8.176807873,-6.230272997,22.06942307,0
5_4_6,7.748907836,-7.205119226,22.5080255,0
5_5_1,29.93692585,15.7000389,-7.877983856,0
5_5_2,5.785619637,-18.640626,-35.43250859,0
5_5_3,30.08783131,15.72477032,-7.57061533,0
5_5_4,6.163468067,-18.07222269,-35.62205376,0
5_5_5,5.74367733,-18.72379378,-35.4832883,0
5_5_6,5.670638785,-18.95819385,-35.63972743,0
5_6_1,4.048144051,-18.87803973,19.14113968,0
5_6_2,3.791863098,-18.95898098,18.91053421,0
5_6_3,4.03051599,-18.96550518,19.21534359,0
5_6_4,3.831121519,-18.95055191,18.99468154,0
5_6_5,4.593357088,-18.55780866,19.33882127,0
5_6_6,-4.79824124,-29.10039466,0.917143952,0
5_7_1,4.559331299,-14.12826164,20.16249518,0.118852236
5_7_2,3.256434056,-15.15911713,19.56203173,0.553518004
5_7_3,4.603646381,-14.16855129,20.27192917,0
5_7_4,4.699325197,-13.94379972,20.13546411,0
5_7_5,4.306923729,-14.32157752,20.03553375,0
5_7_6,3.368073551,-15.30929863,19.88568627,0
5_8_1,6.504013744,-10.68303444,23.41921901,0
5_8_2,6.271594525,-10.81537435,23.24533096,0
5_8_3,6.584799729,-10.66808346,23.52284728,0
5_8_4,6.480469134,-10.62880607,23.34047584,0
5_8_5,6.579155285,-10.48539293,23.3296332,0
5_8_6,5.776461602,-11.65173883,23.49205876,0
5_9_1,9.334172263,-34.84180078,23.00269259,0
5_9_2,5.564738094,-39.5468651,16.52751976,0
5_9_3,9.31338158,-35.02281037,22.89128123,0
5_9_4,8.960581456,-35.40710427,22.32294395,0
5_9_5,4.014816016,-40.90115192,13.99967168,0
5_9_6,7.570803093,-37.81713049,19.55956957,0
6_1_1,16.28355706,-28.83227325,-17.81834083,0
6_1_2,16.13695684,-28.80869865,-17.89169244,0.655428314
6_1_5,16.13626893,-28.84155449,-17.90215526,0
6_1_6,16.29629687,-29.09506287,-18.02585448,0
6_10_1,37.40534489,-4.845173222,22.62041833,0
6_10_2,37.36952676,-4.747413312,22.51148564,0
6_10_3,37.45382053,-4.900286452,22.68765074,0
6_10_4,37.43538632,-4.589011269,22.48428799,0
6_10_5,37.45910168,-4.768045493,22.52489688,0
6_10_6,37.45078571,-5.311724502,22.79076471,0
6_11_1,26.91813322,-4.381581116,-4.589455236,0
6_11_2,26.71947022,-4.525111215,-4.773700819,0
6_11_3,27.01264181,-4.340205645,-4.5271816,0
6_11_4,26.82605499,-4.40621886,-4.628907413,0
6_11_5,26.80129116,-4.537851096,-4.779578472,0
6_11_6,27.12067686,-4.576753135,-4.749982347,0
6_2_1,18.4968586,-12.61343168,0.900838966,0.120048873
6_2_2,18.36104384,-12.67178909,0.66709598,0
6_2_4,18.41730358,-12.62644366,0.838055652,0
6_2_5,18.43035341,-12.6713425,0.680816633,0
6_2_6,18.81591836,-12.63438646,0.834051437,0
6_3_1,29.79000759,-5.312875726,-19.88604989,0.210674349
6_3_2,29.58641346,-5.552525426,-20.01584066,0.141632546
6_3_3,29.85982492,-5.247749739,-19.85226013,0
6_3_4,29.71457217,-5.336660892,-19.89339299,0.150050759
6_3_5,29.6105101,-5.600629865,-20.05909621,0
6_3_6,29.84017715,-5.773641818,-20.17372979,0
6_4_1,18.51439725,-16.08723799,2.967987958,0
6_4_2,18.44774929,-16.03943238,2.578708158,0
6_4_3,18.52805406,-16.13140177,3.114026083,0
6_4_4,18.46243089,-16.06052097,2.846216638,0
6_4_5,18.51221719,-16.06530972,2.619717581,0
6_4_6,18.79191564,-16.13100936,2.849529624,0
6_5_1,20.48585547,-14.10235363,-14.92270904,0
6_5_2,20.26004132,-14.14482265,-14.95729386,0
6_5_3,20.57393062,-14.13305688,-14.92516306,0
6_5_4,20.40770247,-14.05252055,-14.90198013,0
6_5_5,20.29401445,-14.25053986,-15.0083878,0
6_5_6,20.53462584,-14.57953205,-15.15396654,0
6_6_1,12.45695461,-23.09400363,-2.279657035,0
6_6_2,12.45049337,-22.89848742,-2.470635808,0
6_6_3,12.46197349,-23.25280733,-2.205745095,0
6_6_4,12.45094624,-22.98014982,-2.308576173,0
6_6_5,12.44532772,-23.05616499,-2.503011304,0
6_6_6,12.47533288,-23.47577697,-2.540710271,0
6_7_1,14.56570492,-17.89146197,-0.771821356,0.061652209
6_7_2,14.49433919,-17.77915551,-0.946355754,0.473890658
6_7_3,14.59641345,-18.00061233,-0.724745379,0
6_7_4,14.52564611,-17.81126509,-0.781454772,0
6_7_5,14.53414044,-17.89806999,-1.011593291,0
6_7_6,14.69466333,-18.216522,-1.17074345,0
6_8_1,16.40388568,-18.9229067,2.335564415,0
6_8_2,16.35802639,-18.81972771,2.039930959,0
6_8_3,16.41965743,-19.04382249,2.458345716,0
6_8_4,16.3800961,-18.83755588,2.256720426,0
6_8_5,16.37320459,-18.96151594,2.055352385,0
6_8_6,16.46046215,-19.33574675,2.130482415,0
6_9_1,16.93085728,-21.1885551,4.352390556,0
6_9_2,16.85510593,-21.16092647,4.04669775,0
6_9_3,16.95510101,-21.28258254,4.462319679,0
6_9_4,16.90225967,-21.11198059,4.276606973,0
6_9_5,16.86331661,-21.31029073,4.055512387,0
6_9_6,16.95275026,-21.70533138,4.121896333,0
7_1_1,10.71921291,-27.97398906,-16.80115769,0
7_1_2,10.6640351,-27.82382659,-16.83734152,0.621041164
7_1_5,10.64886238,-27.85045122,-16.843614,0
7_1_6,10.72105222,-28.1385953,-16.98107778,0
7_10_1,33.68292692,-1.015486066,21.8555129,0
7_10_2,33.65960509,-0.845646814,21.67425376,0
7_10_3,33.83173827,-0.60973583,21.66313311,0
7_10_4,33.64318061,-0.982123417,21.81498624,0.420780203
7_10_5,33.73507308,-0.798941557,21.65414163,0
7_10_6,33.98238696,-0.722314393,21.60658164,0
7_11_1,24.71287469,-4.042857511,-7.723959781,0.526005382
7_11_2,24.4573267,-4.189284537,-7.88544265,0
7_11_3,24.83673271,-3.997723901,-7.659391873,0
7_11_4,24.60337086,-4.067818884,-7.754254552,0
7_11_5,24.55326764,-4.205701984,-7.904110271,0
7_11_6,24.90018932,-4.249619934,-7.899594016,0
7_2_1,19.9476635,-10.26746266,-1.359293877,0.301286063
7_2_2,19.72043328,-10.37912725,-1.596210925,0.074725617
7_2_4,19.83360373,-10.28577358,-1.427303669,0.343346004
7_2_5,19.99910332,-9.97327029,-0.542840067,0
7_2_6,20.27525278,-10.54329406,-1.676781695,0
7_3_1,28.3524311,-11.0188764,-22.81425117,0.055714899
7_3_2,28.22385914,-10.83385394,-22.72938306,0.03673282
7_3_3,28.52276064,-10.85996281,-22.71006668,0
7_3_4,28.29117066,-10.97043247,-22.78554206,0.02013929
7_3_5,28.20481748,-10.91446729,-22.80712258,0
7_3_6,28.32614707,-11.38925243,-22.95237818,0
7_4_1,15.15724306,-14.89426148,-2.494442958,0.549137316
7_4_2,14.95018606,-14.85953814,-2.634957201,0
7_4_3,15.19300724,-14.93727047,-2.431880644,0
7_4_4,15.06931475,-14.863558,-2.479425432,0.653843618
7_4_5,15.00451987,-14.90360692,-2.727168614,0
7_4_6,15.28671088,-15.03564102,-2.999599857,0
7_5_1,18.16479335,-18.18699117,-17.92041794,0
7_5_2,17.94178179,-18.12748805,-17.89310871,0
7_5_3,18.25503025,-18.26040236,-17.94750583,0
7_5_4,18.10017459,-18.11245577,-17.88803869,0
7_5_5,17.95076176,-18.24831983,-17.94255845,0
7_5_6,18.11337068,-18.5957094,-18.07543217,0
7_6_1,9.599705872,-21.65039037,-5.79582906,0.331795488
7_6_2,9.596493307,-21.37848105,-5.886594767,0
7_6_3,9.599982888,-21.81126069,-5.750351267,0
7_6_4,9.597386239,-21.52223201,-5.790830733,0
7_6_5,9.587553709,-21.51719078,-5.942830312,0
7_6_6,9.594971127,-21.96808174,-6.036036758,0
7_7_1,11.07376525,-19.02938583,-3.71761694,0.004738225
7_7_2,11.07185279,-18.76767559,-3.796862352,0.420780203
7_7_3,11.07021234,-19.17621155,-3.686118419,0
7_7_4,11.06591542,-18.91054352,-3.699130531,0.308875341
7_7_5,11.07743397,-18.8854843,-3.878817265,0
7_7_6,11.12306041,-19.27176234,-4.064035612,0
7_8_1,12.21514213,-19.16765623,-1.183207771,0.557912864
7_8_2,12.24909791,-18.86528036,-1.501154766,0
7_8_3,12.1947403,-19.33443074,-1.053542052,0
7_8_4,12.2183624,-19.02588964,-1.247860854,0
7_8_5,12.2500494,-19.01007054,-1.526606477,0
7_8_6,12.27475763,-19.47835562,-1.554410265,0
7_9_1,12.94018662,-22.99789548,3.116792265,0.44507983
7_9_2,12.87444142,-22.87838206,2.807665021,0
7_9_3,12.95897394,-23.09632035,3.215498414,0
7_9_4,12.91979173,-22.89067874,3.063091949,0
7_9_5,12.87013786,-23.03980263,2.769937117,0
7_9_6,12.92327262,-23.4921369,2.711170737,0
8_1_1,19.63109322,-26.26404227,-13.69694805,1.384918513
8_1_2,19.43694103,-26.27592119,-13.75235041,0.660195256
8_1_5,19.41887977,-26.31466513,-13.76137011,0
8_1_6,19.56464992,-26.57946637,-13.89515644,0
8_10_1,42.43123455,-5.842005956,23.12109911,0
8_10_2,42.41730941,-5.697177608,22.97357561,0
8_10_3,42.57023706,-5.433743835,23.02807343,0
8_10_4,42.50166288,-5.384505847,22.92397519,0
8_10_5,42.50111085,-5.694684529,22.9930312,0
8_10_6,42.5847724,-6.004311248,23.08552722,0
8_11_1,29.1597226,-6.579135805,-2.649911183,0.860730939
8_11_2,28.99033849,-6.713186708,-2.818511987,0
8_11_3,29.24699602,-6.553212052,-2.593576492,0
8_11_4,29.07748477,-6.589580117,-2.685874024,0
8_11_5,29.07159923,-6.752344864,-2.819426342,0
8_11_6,29.35254859,-6.8548902,-2.796423975,0
8_2_1,22.50562095,-12.2604334,3.950385266,0.237680059
8_2_2,22.41407107,-12.28967644,3.722154774,0
8_2_4,22.43812388,-12.26012748,3.882919285,0
8_2_5,22.4756211,-12.29468809,3.752040362,0
8_2_6,22.81962653,-12.32555679,3.981923133,0
8_3_1,34.60411359,-9.77305997,-16.7618905,0.067592616
8_3_2,34.46726466,-9.63559644,-16.79294939,0.094966943
8_3_3,34.69588715,-9.690057595,-16.66910369,0
8_3_4,34.53469915,-9.737473838,-16.77635717,0.031990625
8_3_5,34.52093181,-9.638104286,-16.76792696,0
8_3_6,34.70227779,-10.22320944,-16.85847179,0
8_4_1,21.27616261,-16.13835207,3.517391746,0
8_4_2,21.1867268,-16.11495904,3.206942588,0
8_4_3,21.29797699,-16.16940449,3.618348214,0
8_4_4,21.21248082,-16.1175442,3.437779778,0.639675831
8_4_5,21.25945292,-16.13953114,3.214623837,0
8_4_6,21.56184269,-16.21807447,3.301006744,0
8_5_1,25.08379175,-16.5639741,-12.07422412,0
8_5_2,24.84082207,-16.59844812,-12.20827377,0
8_5_3,25.18022097,-16.59827776,-12.03889129,0
8_5_4,25.00357155,-16.51527269,-12.08630499,0
8_5_5,24.87231754,-16.70244309,-12.24414286,0
8_5_6,25.08507113,-17.03125797,-12.31728178,0
8_6_1,17.55239843,-22.23767429,-1.569572353,0
8_6_2,17.48919543,-22.06406188,-1.745133076,0
8_6_3,17.57016039,-22.38007937,-1.502201648,0
8_6_4,17.53091586,-22.12613703,-1.592180627,0
8_6_5,17.48469861,-22.23169535,-1.783565668,0
8_6_6,17.54685585,-22.65762654,-1.836904521,0
8_7_1,18.52214106,-18.85629367,1.259090029,0.041476192
8_7_2,18.42518852,-18.77062667,1.031217429,0.406097209
8_7_3,18.56281922,-18.96997799,1.33042024,0
8_7_4,18.47162794,-18.77646029,1.228410763,0.557912864
8_7_5,18.47244562,-18.90462176,0.984651021,0
8_7_6,18.65570089,-19.23834445,0.895928807,0
8_8_1,19.321437,-18.29128393,3.711524225,0
8_8_2,19.26575455,-18.25662131,3.37722037,0
8_8_3,19.34983606,-18.36193601,3.842955314,0
8_8_4,19.28016279,-18.24378464,3.6175677,0
8_8_5,19.31360032,-18.34459044,3.408149193,0
8_8_6,19.49627277,-18.5834472,3.531582058,0
8_9_1,21.23798901,-22.62681911,5.811452805,0.454626195
8_9_2,21.15183897,-22.64350152,5.558585353,0
8_9_3,21.2671746,-22.69453831,5.893096355,0
8_9_4,21.20136923,-22.5703476,5.759184012,0
8_9_5,21.16938512,-22.76844326,5.55034862,0
8_9_6,21.2974305,-23.09313744,5.547185706,0
9_1_1,23.46158634,-28.00911849,-12.14596181,1.182875968
9_1_2,23.22212315,-28.02779889,-12.29532344,0.619501026
9_1_4,23.39524505,-27.97898346,-12.1611143,1.029686682
9_1_5,23.19231393,-28.06607115,-12.31130122,0
9_1_6,23.33127623,-28.30271637,-12.43386229,0
9_10_1,44.37879972,-2.333141005,22.50544226,0.480828479
9_10_2,44.31822773,-2.600664795,22.47232664,0
9_10_3,44.41779613,-2.301590212,22.55480255,0
9_10_4,44.31044189,-2.574609631,22.5720409,0
9_10_5,44.38362224,-2.734849036,22.51847359,0
9_10_6,44.51447184,-2.911032288,22.56982128,0
9_11_1,33.39088794,-7.294825676,-1.650257811,0.826635773
9_11_2,33.24602647,-7.480125086,-1.766941367,0
9_11_3,33.46487863,-7.269886028,-1.605569563,0
9_11_4,33.31941816,-7.306644589,-1.673291821,0
9_11_5,33.3168526,-7.541180577,-1.764298063,0
9_11_6,33.55836535,-7.68176183,-1.769533662,0
9_2_1,27.43824649,-13.63954015,5.363763198,0.361441458
9_2_2,27.36459684,-13.65596865,5.169650948,0
9_2_4,27.3754283,-13.6152151,5.324339827,0.916331218
9_2_5,27.41860677,-13.69112914,5.167411994,0
9_2_6,27.75659069,-13.8650661,5.228238149,0
9_3_1,36.1543567,-7.854206835,-14.90090923,0.252512119
9_3_2,35.96683839,-8.134061291,-15.05718197,0.166933391
9_3_3,36.23027086,-7.801697486,-14.83699189,0
9_3_4,36.07737533,-7.875346837,-14.93962285,0.128432308
9_3_5,36.01558229,-8.218572668,-15.04583098,0
9_3_6,36.24925078,-8.470601313,-15.02817528,0
9_4_1,25.57451827,-17.37636228,4.663637001,0.912247229
9_4_2,25.49151306,-17.34243373,4.403555492,0
9_4_3,25.5949762,-17.40740665,4.741283448,0
9_4_4,25.51155047,-17.34249245,4.615772867,0
9_4_5,25.56237484,-17.38528756,4.379889347,0
9_4_6,25.84793226,-17.54248424,4.359169031,0
9_5_1,29.58232067,-18.3090381,-10.14350893,0
9_5_2,29.32705229,-18.40366253,-10.3677739,0
9_5_3,29.68148906,-18.32038143,-10.06713724,0
9_5_4,29.49895623,-18.28204944,-10.18956015,0
9_5_5,29.36389291,-18.49171045,-10.37103767,0
9_5_6,29.54433432,-18.78141855,-10.40933921,0
9_6_1,22.24097606,-23.42678712,0.244895522,0
9_6_2,22.08762449,-23.39928212,0.025374961,0
9_6_3,22.27095321,-23.53204457,0.336707915,0
9_6_4,22.19975703,-23.35274542,0.206132338,0
9_6_5,22.07747356,-23.56003008,0.016158458,0
9_6_6,22.17415469,-23.90328408,-0.033304329,0
9_7_1,22.77758155,-19.79228319,2.750863659,0.056902128
9_7_2,22.66923434,-19.79586913,2.454926187,0
9_7_3,22.82116714,-19.87162679,2.834680948,0
9_7_4,22.72184599,-19.73656568,2.713267083,0.408757808
9_7_5,22.71993566,-19.91691612,2.403972362,0
9_7_6,22.92507388,-20.20511245,2.287665709,0
9_8_1,23.75667901,-19.68303161,4.722968261,0
9_8_2,23.69513337,-19.66424265,4.426012253,0
9_8_3,23.79240953,-19.74439983,4.817186903,0
9_8_4,23.70730185,-19.63700952,4.663788271,0
9_8_5,23.75562273,-19.75347001,4.407778343,0
9_8_6,23.98149055,-19.98770199,4.365534821,0
9_9_1,25.40078232,-23.62359455,6.083554385,0.476662059
9_9_2,25.33340706,-23.64641056,5.833763976,0
9_9_3,25.43360105,-23.67488511,6.156243277,0
9_9_4,25.36075901,-23.57958662,6.046853487,0
9_9_5,25.36848808,-23.7438568,5.801636281,0
9_9_6,25.53980325,-23.99512995,5.719818485,0
